Date,Ticker,EPS,Revenue
2025-05-15,AMOC.CA,,10068471935.0
2025-05-15,COMI.CA,4.92365,27299795000.0
2025-05-15,FWRY.CA,0.18,1794765327.0
2025-05-15,HELI.CA,0.12,530825474.0
2025-05-15,HRHO.CA,0.83,3641743000.0
2025-05-15,ISPH.CA,0.15,17044961201.0
2025-05-15,PHDC.CA,0.54,8369766433.0
2025-05-15,SWDY.CA,1.73,59391529636.0
2025-05-15,TMGH.CA,1.79,9426567206.0
2025-08-14,AMOC.CA,,9308058946.0
2025-08-14,COMI.CA,4.926445,29917129000.0
2025-08-14,FWRY.CA,0.191276,1970717164.0
2025-08-14,HRHO.CA,0.55,10890372000.0
2025-08-14,ISPH.CA,0.17,18000297847.0
2025-08-14,PHDC.CA,0.314,7154816426.0
2025-08-14,SWDY.CA,1.82,64409021437.0
2025-08-14,TMGH.CA,1.21,14965349009.0
2025-11-14,AMOC.CA,-0.34,11243136305.0
2025-11-14,COMI.CA,8.045455,
2025-11-14,FWRY.CA,0.228567,2293956512.0
2025-11-14,HRHO.CA,0.59,11876927000.0
2025-11-14,ISPH.CA,0.22,20348859114.0
2025-11-14,PHDC.CA,0.384,9915328218.0
2025-11-14,SWDY.CA,1.58,75907117252.0
2025-11-14,TMGH.CA,2.26,13924659023.0
2026-02-14,AMOC.CA,,9492589507.0
2026-02-14,COMI.CA,,32450330000.0
2026-02-14,FWRY.CA,0.25058,2592039399.0
2026-02-14,HRHO.CA,,13013360000.0
2026-02-14,ISPH.CA,,21202939382.0
2026-02-14,PHDC.CA,,10566604176.0
2026-02-14,SWDY.CA,,81341413394.0
2026-02-14,TMGH.CA,,24178568960.0
2026-05-15,AMOC.CA,0.47,10510779160.0
2026-05-15,COMI.CA,5.276028,33266987000.0
2026-05-15,FWRY.CA,0.22,2410733825.0
2026-05-15,HRHO.CA,0.72,4373989000.0
2026-05-15,ISPH.CA,0.21,20500933842.0
2026-05-15,PHDC.CA,0.42,9315156151.0
2026-05-15,SWDY.CA,1.99,75298446639.0
2026-05-15,TMGH.CA,2.01,13070889824.0
2026-08-14,COMI.CA,6.334606,36172233000.0
