Simulation,Final_Return_Pct,Max_DD_Pct
0,88.94704000000002,-14.984413400860875
1,12.67722,-15.184495779980928
2,59.825779999999995,-15.905387123715744
3,89.89795,-15.054418187141394
4,95.45964,-15.509506947291525
5,43.4507,-13.36121570677238
6,57.31778999999999,-15.618067586200462
7,73.68936000000001,-14.775770534269299
8,78.47823,-13.136126532433659
9,79.66174000000001,-13.102822924691909
10,65.32577,-14.798232124418766
11,75.77183000000001,-13.485515713118618
12,63.940560000000005,-13.605757137129782
13,67.09081,-13.817741264616313
14,46.48761999999999,-13.22909019946517
15,51.28265,-15.58054185516372
16,71.75923999999999,-14.91678743023247
17,76.80283000000001,-16.026870973508522
18,99.48901,-16.27626599705554
19,52.94599000000001,-13.775521009972614
20,72.54181,-14.00708350655919
21,66.69988000000001,-14.020991545989231
22,87.80881999999998,-15.336311137960944
23,15.806179999999992,-13.565833672718938
24,62.52515,-13.867094425738236
25,69.67804000000001,-14.286757203505331
26,76.16732,-16.226944497720567
27,74.87108,-14.9776591880607
28,72.9051,-13.251239528240507
29,74.21296000000001,-15.61372454639385
30,75.15626999999999,-13.918876853638505
31,46.494220000000006,-16.08254525154398
32,77.30345000000001,-11.832311128314835
33,47.200880000000005,-12.26476243293855
34,82.35808,-12.503655390443795
35,99.03,-14.488386558257773
36,46.658030000000004,-14.074633194313463
37,50.941419999999994,-15.327908334265874
38,42.841930000000005,-13.19670979749574
39,33.83901999999999,-14.461089821473635
40,75.29879000000001,-14.90711103575166
41,53.25814,-14.127222388819547
42,71.47371,-12.590454505253389
43,93.56598,-13.875946184753728
44,91.05622,-16.372344948801025
45,59.14018999999999,-13.232274684422244
46,24.707669999999997,-14.460095970656164
47,71.64008000000001,-13.193463668145172
48,58.35725000000001,-15.249823834845483
49,96.99753,-13.102113408019543
50,85.62824,-11.213506423051964
51,59.58084000000001,-13.46447341300533
52,23.840820000000008,-13.040641803869551
53,69.30093,-14.37020329381034
54,46.51422999999999,-13.098872285896164
55,58.36013000000001,-16.244686491327663
56,67.70532999999999,-12.880920602015173
57,62.18281999999999,-12.954513004287223
58,32.979519999999994,-12.781862218878775
59,34.69341,-14.664563806505134
60,68.24804,-15.572429801717472
61,32.477459999999994,-14.283972230972628
62,68.09303,-16.90921956278335
63,60.80088,-15.295976902649729
64,73.68795,-13.738436038342792
65,61.56321,-15.434767596143553
66,76.82328999999999,-15.63666559020833
67,35.26718000000001,-13.924331035429152
68,55.78219,-12.21078645481552
69,83.47137000000001,-14.353169085962053
70,35.51261,-16.021163733891044
71,44.43903,-13.23235819157625
72,62.2896,-13.757046682685255
73,78.35135999999999,-15.514349047891466
74,72.35401000000002,-13.112557404234387
75,94.28949000000001,-16.19598025932964
76,97.04366,-11.4548799363316
77,92.91560000000001,-15.785392924454268
78,63.00042,-13.881936294421727
79,68.82163,-15.43992764451442
80,48.62326,-16.28801062565228
81,24.457280000000008,-15.075030565840715
82,83.35871999999999,-14.796109662630025
83,87.58228,-15.479161954071675
84,94.01982999999998,-15.92794263761854
85,113.94778000000001,-13.125970815919512
86,77.95157999999999,-15.161230047905956
87,52.98322999999999,-11.844954256824302
88,56.51503999999999,-14.105887677206482
89,42.60929000000001,-15.536746595179633
90,37.12446,-12.553298807947918
91,38.68112,-12.895609504876228
92,36.313120000000005,-12.528341148600196
93,108.94626000000001,-13.472426392852316
94,65.01677000000001,-11.818064887545297
95,101.69972,-14.996592798468509
96,49.26262,-13.837110724796236
97,40.33837,-14.66314624482394
98,32.40651,-12.397909507854118
99,78.66239000000002,-13.999893104671331
100,83.29292000000001,-14.530092114393169
101,61.836369999999995,-13.338890738580206
102,82.86088999999998,-15.601067842370812
103,62.589490000000005,-14.144450053241362
104,84.16265,-14.159832886608637
105,47.21573999999999,-15.063972489961422
106,41.96106,-11.66874805532453
107,103.56242999999998,-14.08307355354948
108,83.20426,-12.863569613188726
109,65.52082,-12.514049784230709
110,78.27203,-13.123931715135994
111,99.12226000000001,-12.86351412983769
112,111.30502,-13.891536529227507
113,33.320319999999995,-13.760419925644749
114,55.646649999999994,-13.96825278643585
115,66.66078999999999,-12.628366500788426
116,75.27605000000001,-14.869652136075667
117,45.98508999999999,-13.514441165073753
118,77.67687,-12.638814728680549
119,63.70118,-15.902798795500225
120,104.88511999999999,-17.72102871131849
121,89.54243000000001,-11.444794235097278
122,62.860470000000014,-13.285085748447946
123,82.47196000000001,-14.44891705774428
124,95.2049,-13.990923572545432
125,71.88785000000001,-13.520878302340673
126,58.16320000000002,-13.807374992081018
127,66.96267000000002,-14.097663923555048
128,52.430310000000006,-13.986727169098216
129,73.91452000000001,-14.888701954316462
130,47.5657,-13.048802525751906
131,54.47214,-14.836328720022683
132,106.24214,-15.706695690738696
133,72.35282,-13.663112893549567
134,35.35425,-15.562584265960506
135,67.05971000000001,-14.917352120494519
136,51.03999,-13.744299029850144
137,76.92791,-12.756545375769837
138,81.86448999999999,-14.831537986501708
139,53.64256,-14.42163997561501
140,63.404630000000004,-11.60585013175164
141,56.82403,-13.230571167451698
142,66.52197,-13.602157835013312
143,28.947290000000002,-13.493669085528575
144,99.87223999999999,-13.146025834914294
145,35.41333,-13.98158731742113
146,74.25917999999999,-13.492306713352486
147,108.6293,-12.539010047635834
148,109.3447,-14.708398052427734
149,59.16373,-13.618915269501125
150,90.8275,-14.507693064177658
151,81.8962,-15.490050489433353
152,69.19383,-13.8813796727465
153,44.80853,-15.404452208860915
154,50.76340000000001,-13.448623118237975
155,54.71195000000001,-12.083684949793719
156,47.68057,-14.177088128346554
157,97.61455,-14.369242240871792
158,73.12656,-15.233090793706646
159,59.157759999999996,-14.321623904104964
160,80.84467,-12.840834027815928
161,98.07625,-15.139677112070668
162,86.69964999999999,-14.360408345752035
163,89.75108,-11.538817556384982
164,37.4396,-12.861017128113089
165,97.58950999999999,-15.469643148003199
166,42.30375,-15.5444909310926
167,108.70957999999999,-14.10540129547384
168,92.75386,-15.097922313247917
169,81.2562,-15.168838307284583
170,96.34812,-12.476576006023977
171,98.82163,-14.701388209092421
172,36.88450999999999,-13.522714600070676
173,58.15456999999999,-17.333405974981027
174,74.95934999999999,-13.53845574964222
175,43.546029999999995,-12.815485895316403
176,73.25710000000001,-12.879419128470461
177,91.3386,-13.683726821462143
178,61.81696000000001,-14.58289821400128
179,26.68173,-13.824714610897828
180,64.70837000000002,-16.24922751244594
181,116.85854,-13.3334972384288
182,45.4309,-13.449850273154892
183,50.59924,-10.5794664432763
184,61.662929999999996,-11.239243547137221
185,42.50967000000001,-12.868033680962592
186,64.07473999999999,-11.537686087181186
187,117.56995,-11.553900211585585
188,53.589510000000004,-14.324320662044716
189,52.51453,-11.846849734316514
190,78.21266,-15.482681198035442
191,107.72879,-13.7680433787957
192,72.24602,-16.643280261881035
193,52.45156999999999,-15.427946145400954
194,39.01973,-14.251316404180983
195,98.10627000000002,-14.758782205777988
196,81.90677000000002,-13.619420291931013
197,94.96556999999999,-14.189843238034529
198,76.23632999999998,-14.325011978355658
199,64.14966999999999,-13.817445368721875
200,40.92474000000001,-14.531124603889278
201,48.53090999999999,-14.516648000906725
202,54.86956000000001,-13.77898740750602
203,77.32669,-13.563713275561577
204,80.87342999999998,-15.27768836727146
205,67.6557,-15.55102912110151
206,83.25888,-13.503558494550784
207,59.341040000000014,-12.086692863298
208,63.81783,-13.528268551881068
209,64.38915,-13.634735137235623
210,73.80370000000002,-15.426603873430421
211,102.55111,-14.580253640522997
212,74.84117,-12.217886551420154
213,54.608349999999994,-11.09393885467592
214,75.80358,-16.287430105965118
215,66.14023000000002,-13.7270539772152
216,43.31476,-12.372534723626456
217,78.48634999999999,-14.072337703139507
218,52.16215,-13.8821175917158
219,75.73270000000001,-15.882392289955783
220,38.18114,-14.12750768006976
221,82.79039999999999,-16.207932084367872
222,81.08980000000003,-11.064977100300881
223,62.66024,-14.38892954879918
224,63.60464,-14.016077942465726
225,94.02445999999999,-12.85876360377311
226,40.06475000000002,-15.684573744128503
227,49.141639999999995,-12.451105616784178
228,85.97582,-14.646448905761018
229,61.61466000000001,-13.941976752381763
230,73.16579000000002,-12.65490967778844
231,46.13626,-12.466562077491291
232,33.92788,-13.54584136999073
233,54.65086,-15.100086173004966
234,93.24179,-16.39848845544762
235,78.39513,-15.458175692815379
236,60.32272,-15.114223927107608
237,25.940040000000003,-15.874893517212275
238,75.40996000000001,-13.908353712619583
239,84.10498000000001,-14.290117205093296
240,72.66537,-16.237508323749335
241,71.31539000000001,-15.138593610485906
242,103.17602,-14.466245759139113
243,42.95920999999999,-13.626377773607018
244,27.98904,-13.96507331400912
245,46.11889,-14.69627046250253
246,80.78929000000001,-14.859135046633591
247,54.8146,-15.828255400200767
248,45.16961,-14.444068561162265
249,83.87222,-13.021272463816405
250,39.73953000000001,-13.63902710180349
251,70.76875,-15.502321787371807
252,82.21759,-14.638654801278488
253,77.63090000000001,-14.784981052251869
254,53.87531,-11.907436960416996
255,82.18582,-16.65508041527092
256,52.6269,-13.823938558980231
257,58.281380000000006,-13.851127800271346
258,85.85312000000003,-14.704753798957071
259,63.84217000000001,-15.18455452311589
260,32.22329,-10.906001724648105
261,76.73008999999999,-13.28558365861814
262,49.01866,-13.363532078500626
263,53.48555,-13.957800487427146
264,76.66720000000001,-12.970899426099546
265,55.19067999999999,-12.919475087386234
266,33.22739,-13.842121543893533
267,69.15297,-13.016284378244583
268,44.166039999999995,-12.818228396877553
269,110.04324999999999,-15.064962987440548
270,68.98974000000001,-12.160582311306761
271,19.320020000000003,-13.68818381842424
272,51.45658000000001,-15.202384464258893
273,63.99446999999998,-16.179239382416984
274,56.84312,-14.362602617852417
275,65.37786999999999,-12.331935133218902
276,18.33732,-13.479140228924607
277,37.752050000000004,-13.65719645665728
278,9.43771,-13.053652953374472
279,69.88841000000001,-13.036268900745478
280,80.18332,-13.817101803815815
281,90.78458,-14.99591836089522
282,71.25173000000001,-12.933369846144508
283,62.25921000000001,-15.114874054028757
284,48.11873,-14.88172132608935
285,64.0151,-14.33087354121456
286,78.93243000000001,-14.457319166049333
287,71.00759,-14.876540853604363
288,18.909889999999997,-15.509142331882511
289,47.90408000000001,-15.111175960652554
290,48.21798,-10.180836544357213
291,35.52334,-13.177362884360797
292,57.61337000000001,-13.672901050729275
293,24.22767,-14.128401872921202
294,82.25359999999999,-13.598036957497213
295,61.34874,-14.277777976803996
296,76.08093,-15.492075595403056
297,53.54523,-12.378196052882979
298,63.395439999999994,-14.128227539248153
299,52.84671000000001,-11.868904231528504
300,89.63541,-16.135970833215087
301,111.29391,-13.420879613386068
302,51.584849999999996,-14.814783173777318
303,53.56293000000001,-12.514913886956094
304,42.93344999999999,-16.391087692848217
305,62.98301000000001,-13.93066584339794
306,48.734230000000004,-13.746589814676465
307,56.69818999999999,-14.547234972394634
308,53.71656,-9.572162753416393
309,70.89401,-12.376716088775886
310,62.23789999999999,-13.912430406644958
311,74.19261,-15.282569898157046
312,38.404619999999994,-12.202974922469659
313,58.69685,-13.87356543092074
314,80.11354,-14.983044206586452
315,49.13615000000001,-11.479885930691918
316,78.4675,-14.945332157988004
317,89.68957,-13.89531342968139
318,77.66135000000001,-14.12878999996482
319,73.32123000000001,-14.152670132774205
320,32.75373,-13.618875861416024
321,28.289160000000003,-13.659191572805605
322,61.800070000000005,-14.913654837574217
323,68.68357,-16.312993676131878
324,71.74182000000002,-14.173874322326068
325,71.06335,-13.656865756491166
326,29.689010000000003,-10.325845508266315
327,66.67298000000001,-12.729401721527603
328,37.69839999999999,-15.52598580110356
329,80.82886000000002,-12.90837264055178
330,48.414339999999996,-14.018970619272674
331,76.82606,-14.128452633848081
332,103.74168000000002,-14.093636057857246
333,83.25685,-10.712262853041578
334,43.08422000000001,-13.41823231818643
335,91.89062000000001,-13.382283804819638
336,58.051390000000005,-14.002106904011653
337,61.40238,-10.910147920902055
338,59.070080000000004,-14.619781441607612
339,65.68627000000001,-13.042972801592628
340,69.40772000000001,-13.05989143574503
341,100.53023,-12.81250288235055
342,40.000789999999995,-12.924265409035305
343,52.157849999999996,-15.269704886684373
344,58.24416,-13.080406215614087
345,103.27845000000002,-17.335830855583495
346,82.05477,-14.763271259381277
347,63.757169999999995,-13.025359918361003
348,33.290639999999996,-13.868540141372389
349,66.06159999999998,-15.050987761455007
350,93.43831,-15.755926199737836
351,60.12946,-12.788566517312427
352,98.09038,-13.656944348451725
353,65.46885,-16.762929335628566
354,18.79471999999999,-13.009587180908493
355,53.427029999999995,-15.125800041296147
356,69.39195000000001,-14.444399378601512
357,87.29454000000001,-13.578871021799843
358,59.64753,-14.951135783087782
359,75.06355,-15.034345336533363
360,73.58730999999999,-14.911743546753335
361,84.52238000000001,-11.513381889086974
362,61.87235000000001,-13.953866647795708
363,71.72632000000002,-14.036664542558237
364,46.73713,-12.998179746089999
365,103.59292000000002,-13.843261984547778
366,97.42339000000001,-13.727163831821395
367,69.8155,-11.936387711565734
368,59.01256,-11.889817708102623
369,93.61124000000001,-14.265969858290367
370,106.29564999999998,-15.592946578884032
371,60.167170000000006,-14.461326794850818
372,97.96870000000001,-14.58265056730778
373,55.454269999999994,-15.754158070570991
374,62.73704,-13.129502292479204
375,97.86222,-15.200391651135835
376,93.33417000000001,-12.39719614939454
377,58.59268000000001,-15.080649707135791
378,33.86012,-15.550170215070775
379,77.34657,-16.02996991155888
380,113.50138000000001,-12.93881942078003
381,57.10963999999999,-13.518938921372547
382,56.969109999999986,-12.121388546839745
383,60.38606,-14.377760542234958
384,63.116290000000006,-12.045231663696649
385,90.41663000000001,-14.409410857996534
386,99.38810000000001,-12.87367479981904
387,24.281710000000004,-14.450762068481401
388,40.6715,-13.445935599594746
389,79.06524999999999,-15.93055306393631
390,69.17329,-14.532649965359182
391,34.91722,-15.51698324526329
392,92.97903,-12.522376609297979
393,55.77853,-13.545255922294587
394,95.55964999999999,-12.371655494233671
395,102.64565999999999,-15.910759253660467
396,104.22598,-17.143211487966113
397,45.72599,-13.668229893038056
398,75.50543,-10.513302078048483
399,41.03911000000001,-13.904799800279687
400,5.453289999999997,-13.152308708065092
401,44.82495,-15.961700812730712
402,75.58174000000001,-12.766764907971641
403,86.43856,-11.715900910845043
404,51.28286,-13.80727059570943
405,92.98289999999999,-11.201638502469567
406,92.03018,-14.321479364863784
407,49.638380000000005,-11.760497679857714
408,74.28044,-12.681196936313867
409,62.55611000000001,-14.91799958282722
410,31.50265,-13.952882237543866
411,35.072829999999996,-14.168697900186046
412,50.595180000000006,-12.746601239693335
413,49.72893,-12.245782941775948
414,62.594950000000004,-15.797196386878323
415,31.1355,-13.456804033970979
416,43.66722,-12.921608921710682
417,16.82474,-15.422622185821965
418,81.93991999999999,-13.5155127411051
419,54.13628000000001,-14.056403677320345
420,68.87104,-16.265604206295524
421,68.13893,-15.085622104672671
422,95.98573000000002,-13.082556210646558
423,60.622069999999994,-12.318698570679919
424,98.54019000000001,-15.844412432937245
425,46.71432,-14.367998392185834
426,86.15660000000001,-14.745234455173431
427,69.50804,-14.059245921755112
428,89.92807,-13.452709972681516
429,76.96752000000001,-13.714569117357385
430,54.32285,-15.495153910924378
431,67.17063999999998,-13.341908289542426
432,22.43193,-15.193812877287288
433,100.39976000000001,-13.38795440563894
434,84.21051,-15.282232462143071
435,71.54071,-15.018495283870703
436,81.97423999999998,-13.596147903035392
437,92.87156999999999,-14.842843182600285
438,37.5482,-14.58487730129783
439,103.34926,-12.66550735491466
440,25.51333,-15.778477174465301
441,32.19182000000001,-12.80595852374722
442,44.78015,-13.286329079123803
443,92.44511000000001,-12.096070594246985
444,29.03751,-14.705853164351714
445,45.299380000000006,-12.016830084734384
446,99.88046,-14.265556351670341
447,44.78205,-14.439938355405102
448,52.144079999999995,-15.325936712280196
449,56.25494,-13.888740957988214
450,33.53609999999999,-11.099623721789701
451,61.63674,-13.20127795590328
452,43.576359999999994,-15.208132354285398
453,94.51230000000001,-13.681523708083137
454,61.33801999999999,-15.316645474454281
455,57.37232000000001,-14.79707744056977
456,42.05983999999999,-12.360495677686957
457,81.29322,-15.248923961349814
458,72.65827,-15.111914709815196
459,85.35139000000001,-15.034714031449766
460,66.52017000000001,-14.381091851506664
461,44.54072,-14.801216022043526
462,75.99249999999999,-12.95918094831865
463,41.52866000000001,-12.546663621375295
464,68.9628,-11.955077478221371
465,43.27551,-16.2662343366185
466,87.51307999999999,-13.003336937641121
467,88.40457,-13.376591608051944
468,76.13765,-13.978151553777629
469,77.90255,-14.35819333258531
470,82.42161,-14.672333174994565
471,41.44819999999999,-16.38602629100073
472,38.14143,-12.923794828324876
473,36.56891000000001,-13.146119876058142
474,111.04793,-17.150266129549447
475,89.61610999999998,-14.997883362354285
476,70.55315,-11.938548729322767
477,75.44697000000001,-13.310631880992899
478,73.43093999999999,-14.76993486680299
479,71.24119,-14.94479663185479
480,73.06172,-16.731386206903238
481,73.32004,-13.078779682341317
482,81.97717000000002,-13.923100527467017
483,54.72370000000001,-12.52513949206048
484,93.99013000000001,-13.201774267257415
485,82.42862,-11.585275696451093
486,79.94064999999999,-12.038912347647189
487,49.53755000000001,-15.467930805693896
488,16.906290000000002,-13.69110117058785
489,42.25605,-14.84223743231692
490,99.213,-15.428733828556704
491,65.52803,-11.143265332243608
492,57.34675,-17.338952770706552
493,69.40795000000001,-13.401126409639057
494,76.76611,-15.395994095352718
495,83.0986,-14.481552613569704
496,36.03521,-14.102371164272164
497,80.40864,-13.20868412495216
498,52.83277,-15.086163223567466
499,59.74807,-13.260908264122664
500,71.13731,-16.19761349293737
501,67.93399000000001,-11.920962364184463
502,78.92773999999999,-13.981236118584626
503,86.69135,-12.69665034158852
504,90.64622,-13.196002435652574
505,79.56421999999999,-15.4912363159714
506,70.11642,-13.919890956547134
507,60.668940000000006,-14.363075836851388
508,34.257110000000004,-14.116737344718448
509,79.25025,-13.194789986882157
510,78.39553000000001,-13.274101992094792
511,69.67517000000001,-13.133515892948122
512,67.38928,-13.767010254146625
513,85.16973,-12.34049088444116
514,81.58411,-12.30233478814978
515,51.29306999999999,-12.993156526762695
516,66.45206999999999,-14.522112920208329
517,56.042599999999986,-14.93866373351676
518,44.7022,-13.548308466744153
519,42.20812999999999,-10.289337856229098
520,67.84625999999999,-14.00089830530003
521,85.64938000000001,-10.583342464318266
522,59.83599999999999,-13.898853097128262
523,36.56761,-15.796354986642854
524,58.65939,-15.117490176189857
525,28.927540000000008,-14.370857097892484
526,80.37675,-13.541647114625553
527,61.45360999999999,-16.07732152654574
528,79.39518000000001,-16.576422584162035
529,57.811899999999994,-14.575540792829067
530,50.841460000000005,-13.822880809209613
531,83.72084,-15.481933740427326
532,54.279619999999994,-13.353414406066717
533,71.40316,-13.809827737104504
534,51.80442999999999,-14.213842616412446
535,84.79817,-14.064501002582203
536,54.14945,-15.68980987295826
537,62.60422,-13.45890810337094
538,56.81488,-10.866992460339821
539,65.04245999999999,-15.382351754155106
540,61.78859,-13.469534886559998
541,93.25844,-12.641658995168916
542,46.583409999999986,-11.382721974498013
543,105.35859,-14.697916876049467
544,61.11133999999999,-12.068108023611197
545,68.65907000000001,-15.40772556716879
546,61.25099,-15.979212281049067
547,40.87514,-13.872898865648297
548,52.26357,-15.639582550553312
549,8.122010000000008,-13.000302565487413
550,60.749300000000005,-12.201087905804474
551,102.08189999999999,-14.445088287100631
552,66.89814,-12.581464464889931
553,61.91612000000001,-13.981537312938938
554,96.04410000000001,-13.627394530151392
555,58.59926,-15.055186294400547
556,77.12067,-16.650096515006744
557,49.01583,-13.990254802392476
558,39.61204,-12.900176352049
559,31.54494999999999,-14.920171148376042
560,49.62585,-12.633125419950625
561,61.34242,-16.384572759702365
562,74.88288,-16.21058800013343
563,91.73563,-13.424648288704068
564,21.406390000000002,-14.313165720196071
565,70.64777,-12.353962973287446
566,76.4195,-14.993736310887845
567,38.65344999999999,-14.773203198160045
568,75.82184,-12.673809378886899
569,15.122320000000006,-14.040359428351197
570,88.71137999999999,-12.396798050262966
571,45.281110000000005,-16.123408732376472
572,78.53770999999999,-14.218311060963492
573,114.41201000000001,-12.18754374078063
574,61.112610000000004,-13.461566300155916
575,43.42744,-11.308308992981805
576,82.0264,-13.18615067066795
577,75.5925,-16.242846272164165
578,108.83194,-16.79320246462159
579,62.47328999999999,-13.600827433475686
580,73.15893999999999,-14.027152368256166
581,71.86266,-12.617523977969515
582,42.69972,-14.89927233692548
583,45.14917,-12.062776873126081
584,61.52607000000001,-14.046319078419405
585,83.14487000000001,-9.08023635117152
586,104.32516000000001,-11.229050309549574
587,61.34871,-15.873948852645395
588,52.02477000000001,-14.286023455407232
589,86.35947,-14.024579941151584
590,71.96628,-12.639758490955169
591,77.55248999999999,-13.936347297629258
592,76.28838,-13.876778953550863
593,42.00626,-17.085322609990147
594,66.40193,-14.153482882556057
595,50.580259999999996,-12.869263681859133
596,96.34967999999999,-15.96109588391109
597,117.38228,-12.958575454976977
598,69.19556,-11.034573959488831
599,25.264239999999994,-14.802264885475154
600,35.17186,-14.292829942066232
601,93.72149,-11.441465042583241
602,61.37566999999999,-12.825985210029735
603,44.59047999999999,-15.238119646826568
604,97.88812,-14.324918969381624
605,50.26471,-13.290155850193646
606,91.96628,-14.058631768372404
607,59.61227,-13.546312950322243
608,-14.25229000000001,-12.883301716995103
609,63.394870000000004,-12.785170973903583
610,64.07177,-12.196536572506185
611,92.50955,-14.561433773330561
612,71.25245,-17.66041322342714
613,65.00369,-13.437904814578543
614,35.275259999999996,-15.059365349299718
615,59.88349000000001,-12.182407360618539
616,78.46251,-10.624186681431055
617,63.1964,-13.31609539825841
618,48.81463,-12.977767156984482
619,57.813140000000004,-15.77702044387104
620,85.9171,-12.891073196594945
621,36.494580000000006,-15.744059085724533
622,77.6221,-15.175005948799503
623,88.37488,-15.486336518771951
624,49.851159999999986,-15.560478291536489
625,100.97545000000001,-14.63324097532307
626,82.44104000000002,-11.386462966573022
627,92.03453,-13.056330429178244
628,-0.024239999999999783,-11.989658711749394
629,104.83175,-12.828187981389851
630,63.97968,-15.331589759591232
631,75.57666,-10.444191352570042
632,66.03071,-13.649242201331324
633,72.74483000000001,-14.676665204968963
634,84.98873999999999,-13.242209845199177
635,67.82929999999999,-14.326933969403397
636,42.73397,-14.739239489850918
637,36.33200999999999,-14.502575137345444
638,38.04956000000001,-12.204667354263941
639,41.27035000000001,-13.961645543493631
640,82.09345000000002,-15.584686385363854
641,83.91433,-12.333719090029243
642,99.29181,-11.226812469735822
643,54.88329999999999,-14.595823966847046
644,75.22017,-11.619637832569621
645,102.25787,-14.026005858691049
646,59.37446000000002,-17.882464483661415
647,92.43045,-14.793094946308225
648,67.19462,-15.367093022680551
649,77.78004,-17.37938258815233
650,93.80188000000001,-14.565343965051385
651,87.43195000000001,-15.175425785524416
652,37.70947999999999,-14.79668552686781
653,56.78565999999999,-14.187576060919769
654,87.84073000000001,-12.29235747136495
655,57.19111,-13.16356110405561
656,73.68569000000001,-12.860055889458682
657,67.50285000000001,-12.989573313119605
658,62.73578,-14.827520514588068
659,56.85302,-14.337102159956409
660,53.02440000000001,-12.567648037180016
661,67.47249,-14.940206199300397
662,86.28945000000002,-14.151293013636591
663,56.67274000000001,-13.283739428928945
664,51.47318999999999,-13.629099434020691
665,47.78803,-15.230892754064616
666,57.106500000000004,-13.569278651377736
667,43.54906,-13.415890939103846
668,70.84944,-13.121163092350223
669,48.82256,-15.024924917352712
670,75.16568,-16.464510508266528
671,55.505509999999994,-10.902460348493396
672,75.45304,-16.042742639943295
673,62.79532000000001,-14.546289810851716
674,25.443830000000002,-15.043129617838295
675,26.281410000000005,-15.545080359065985
676,67.18164999999999,-12.593517354009293
677,71.1364,-13.12213677158755
678,61.896499999999996,-13.819558154863078
679,85.53770000000002,-14.04627658808996
680,30.08635,-15.239153290879132
681,113.52532999999998,-12.417175869238557
682,79.13721,-15.794960144096388
683,47.60922,-14.773667702126497
684,67.93692,-14.319652008782752
685,59.84693999999999,-16.420186122647387
686,35.24079,-17.013831023452152
687,27.42507,-15.662599202588677
688,46.32102999999999,-12.986998826872558
689,56.45335,-14.5132111709604
690,48.67336,-14.82579267181181
691,106.59934000000003,-14.592358582880731
692,73.79957999999999,-14.87954023056714
693,111.45192000000002,-14.582895863878063
694,77.77882000000001,-14.982473133544616
695,61.17091,-16.574662921573452
696,35.512660000000004,-11.617302060189882
697,57.78971999999999,-14.223260593360175
698,61.84249,-13.503116387886475
699,83.17782,-13.195461452162176
700,52.8161,-13.181121527648623
701,65.73436000000001,-13.58560528289755
702,73.03947000000001,-13.41678082668492
703,71.66183000000001,-15.7348260002355
704,64.46403,-11.691635489499
705,76.62635000000002,-15.127177091321368
706,85.02942,-13.925615313541638
707,31.873529999999988,-13.683293828950713
708,25.74077,-14.856128601916387
709,47.40149000000001,-11.99269865374955
710,38.005329999999994,-11.073948116393087
711,34.55027,-14.15989764448373
712,63.327090000000005,-12.49969368279669
713,56.36678999999999,-15.950035851677463
714,115.70395000000002,-15.3594615021817
715,81.90868000000002,-15.022357009509022
716,51.546200000000006,-13.614294035320603
717,64.13973,-11.887343389270706
718,58.21128,-13.158316246212156
719,71.59622,-13.288434437254159
720,23.857689999999998,-12.697337691064437
721,73.09298,-15.951809260099427
722,79.19203999999998,-12.381092046329618
723,26.699529999999992,-13.830631060010317
724,74.03165,-12.859069346347155
725,51.51585000000001,-14.344982398368373
726,75.76388,-13.50060268615238
727,41.36325000000001,-12.644137807392632
728,111.33238000000001,-14.576202235977396
729,49.91171,-12.53060280400025
730,50.79273,-14.33050277646907
731,49.89792999999999,-12.722099140961472
732,27.10871,-14.462946571453099
733,49.40504,-10.505013623651026
734,72.04502999999998,-15.14617278741179
735,65.23052,-13.383025090198313
736,56.66371000000001,-14.79997365776089
737,66.48445999999998,-10.319593649236193
738,98.18021,-16.208999150604992
739,59.32018,-15.443828630787314
740,79.27049000000001,-14.25889295081497
741,75.74501999999998,-12.850171409179634
742,58.051019999999994,-11.972003462602713
743,53.977160000000005,-14.621358577086486
744,72.75715,-13.238632104875656
745,117.60616999999998,-12.876838008316522
746,71.88718,-13.995695424231062
747,53.64251,-16.819891300856124
748,39.46204,-12.147836038990995
749,35.08711999999999,-12.957899539249881
750,31.358780000000003,-14.634609373650715
751,76.4972,-13.072174659048194
752,49.08139,-14.209555986316978
753,99.01657999999999,-15.313597329499492
754,36.84922999999999,-13.873692485747695
755,81.96966999999998,-13.189695226454464
756,27.75932000000001,-14.655596750543667
757,45.27956,-15.070126634628634
758,68.77641,-14.556431527623124
759,83.21455999999999,-15.11932005557592
760,39.265119999999996,-13.953795680152693
761,33.08513999999999,-12.867542342553149
762,63.29517,-13.53396446543644
763,45.90368000000001,-11.807929248916041
764,47.128530000000005,-12.997087884691373
765,60.89561,-14.462454097284517
766,55.45179000000001,-14.24815277584759
767,71.63264000000001,-16.536651329439785
768,54.7948,-12.407958591052425
769,50.17496,-14.149466302029195
770,89.57026999999998,-14.03609315823661
771,48.490770000000005,-12.8842171624632
772,45.56009999999999,-12.593647007363636
773,35.48823,-15.967561049015655
774,56.023219999999995,-13.80644832725463
775,61.506280000000004,-13.569158078294734
776,69.26465,-14.818065212220096
777,82.22631,-14.435117356047188
778,54.350390000000004,-14.112036907384342
779,72.40979999999999,-12.052177920318021
780,74.62315999999998,-17.34534356998179
781,61.38775999999999,-12.645455869690508
782,55.31749,-11.817027608471738
783,80.38784,-13.997206075555056
784,62.9927,-17.241185698686312
785,66.16705,-13.971192007379392
786,47.823350000000005,-15.01943504338227
787,77.66064000000001,-14.229866613319636
788,25.57203,-15.60250602626907
789,74.34362,-14.896768568651174
790,61.712770000000006,-17.37107509541366
791,47.76436999999999,-15.169911696944528
792,111.68552999999999,-15.60526510640658
793,69.97909,-15.266597164573431
794,81.68682,-17.16399974356175
795,71.46636,-13.44776908504675
796,62.32997000000001,-13.50873800754418
797,63.96074999999999,-15.455414584503801
798,80.13262999999999,-14.50713770905698
799,63.692589999999996,-15.346149802126442
800,91.42273,-13.399366423401604
801,34.489619999999995,-15.616216542237884
802,49.23058,-14.081620856649645
803,58.71503,-14.703174588788281
804,21.73818,-14.967237278228497
805,71.45634,-15.601474513022852
806,80.66317,-11.148089297092234
807,65.22176,-13.816451495664165
808,65.46222,-13.535046247852897
809,53.52035999999999,-13.516214120660331
810,82.669,-14.61156957153127
811,59.759449999999994,-12.496504240403254
812,48.19132000000001,-16.867750214546707
813,65.95917,-15.893364012150773
814,59.843740000000004,-14.467831186816607
815,96.06871,-13.648899868885279
816,45.61834999999999,-15.338245069676162
817,18.38974,-14.399127633731949
818,76.13042999999999,-11.24015001290924
819,47.911770000000004,-16.876480761673736
820,37.30370999999999,-12.054374668668412
821,78.13347,-13.483492282212772
822,93.35210999999998,-13.783646199593367
823,21.591330000000003,-13.514335597259173
824,68.17414000000002,-14.974388510601402
825,64.46569000000001,-14.074219759367045
826,72.6988,-13.22315879667702
827,50.638909999999996,-13.141406269747785
828,68.76553,-14.773995838906282
829,41.99932999999999,-14.56776063647755
830,59.36703000000001,-14.287666011145458
831,36.516969999999986,-14.524647940219065
832,50.12907,-14.256704535933457
833,90.70678,-13.883325078051122
834,76.8389,-10.732585539727152
835,53.83511999999999,-15.25517034537512
836,58.697390000000006,-14.237470855154598
837,51.665890000000005,-14.456472350824564
838,72.20044,-13.326963439046342
839,41.40756,-15.179366434127209
840,75.0702,-13.640780191285643
841,61.43912000000002,-13.490242867275
842,78.18065000000001,-14.574894103217884
843,52.74516,-13.84764987683948
844,45.65478,-13.637210889109339
845,100.73964,-17.795845768108784
846,52.079409999999996,-13.295501461823827
847,62.30391000000001,-15.004060021892283
848,83.57858,-12.884354814805011
849,75.08538999999999,-14.963808475765754
850,67.35802000000001,-11.897632496407631
851,53.07156000000002,-13.839909584028945
852,72.12774,-12.50218210568406
853,75.94981,-14.608880830834511
854,40.25811,-16.157753923667585
855,84.99633999999999,-15.624265032305921
856,48.05890000000001,-13.534184193746317
857,80.15480000000001,-15.38954201809736
858,83.12725,-16.442552280144355
859,57.18911,-13.224409484001441
860,37.48883,-13.927207303152514
861,62.95322,-14.761500310074059
862,97.13686,-13.764650730113022
863,72.39045,-13.08512273146251
864,71.23404000000001,-13.705828848924035
865,68.52025,-14.94569630787044
866,93.50222000000001,-11.279348684263221
867,82.43790000000001,-14.35675628060613
868,55.724740000000004,-15.630049510249153
869,96.79086,-16.835730575587867
870,72.5699,-12.46812014401509
871,45.607600000000005,-12.342982803647052
872,44.41502,-15.926453710579306
873,58.44097,-11.933214135306281
874,76.98066999999999,-13.602355748858022
875,57.33958,-13.007788215279021
876,88.10716000000001,-14.194377166920324
877,80.23709,-14.46226848332215
878,80.07039999999999,-13.619936715601435
879,96.64734000000001,-16.44740500593094
880,6.547109999999997,-12.022982104072188
881,40.67207,-13.515452049712552
882,14.239510000000008,-12.770472578868262
883,95.66572,-13.510039998584926
884,71.14672,-14.423812586866847
885,75.10844,-13.765042959893302
886,74.12946,-13.403934130882924
887,66.59336,-12.763901968910941
888,58.66809000000001,-13.911735067963713
889,68.12973000000001,-13.262423634276757
890,87.30636000000001,-17.094030655202804
891,84.2746,-17.08693313398648
892,22.50229000000001,-14.864143981503139
893,85.62776,-13.867726326374356
894,76.90983,-13.949813610026274
895,59.61290000000001,-13.164415683022414
896,99.33486000000002,-13.225514707798286
897,60.49275999999999,-15.774622820793256
898,59.98015,-15.491387193317816
899,73.47683,-11.631988729348897
900,74.54966,-13.097175284396577
901,67.30734999999999,-14.858333549606243
902,75.22529999999999,-14.542860819858547
903,82.20111000000001,-13.731425492177467
904,31.352499999999996,-16.110745857871603
905,78.74323,-14.149309105986356
906,92.28866,-12.204537146613164
907,44.48192000000002,-11.232109402691002
908,42.98361,-14.152691181121602
909,93.57746,-12.561204424252885
910,97.31426,-12.834175741924758
911,71.27382000000001,-14.771263376376552
912,113.53309,-13.773163600990644
913,84.24768999999999,-14.426962399155272
914,42.713589999999996,-14.212018682426205
915,42.97087,-14.629398562165182
916,92.11024,-14.972827905446403
917,80.86295000000001,-14.227431814537535
918,60.52016999999999,-14.116572035353775
919,59.680319999999995,-12.988568293561514
920,64.03824,-13.499408599214851
921,66.27047,-13.974172571299022
922,70.4345,-15.101859716049573
923,76.15754000000001,-12.618587696028536
924,70.26512,-14.407906930545899
925,81.00258,-13.303559257593975
926,96.72177,-14.636384689653747
927,57.48269000000001,-13.046151746936577
928,35.48276,-14.961081530416697
929,91.49853,-11.18630704836149
930,53.748960000000004,-12.922090889053454
931,48.523500000000006,-14.572926701915472
932,25.856099999999998,-12.903723413328704
933,78.20195999999999,-15.224756082391545
934,86.22989,-12.841158737743484
935,46.99712999999999,-10.488230090502675
936,60.53219,-14.57967488158702
937,95.29498999999998,-13.767985025885322
938,81.71942000000001,-13.17215963496279
939,73.68908,-15.221956783452613
940,53.018750000000004,-17.887920321843314
941,97.93614000000002,-13.013512011009471
942,105.08605,-12.770482349990173
943,26.798260000000006,-12.890722920973088
944,74.10348,-12.680560743594608
945,78.56755000000001,-13.434084131483775
946,66.46403,-15.019677245286523
947,52.619930000000004,-16.256356509940815
948,49.59907,-15.864960427102085
949,57.64469999999999,-13.931153160369911
950,33.753449999999994,-11.917397936290076
951,78.47688000000001,-16.144861123148466
952,76.14199,-15.77961033991087
953,102.63976000000001,-12.707122664199998
954,105.09047000000002,-14.762596965958615
955,66.32493000000001,-13.781901326064116
956,83.41384,-16.151070429100056
957,55.01834999999999,-14.058151128884283
958,91.37683999999999,-14.952364984977864
959,54.50125,-16.116198405574636
960,58.16633999999999,-15.359679391499682
961,53.761309999999995,-13.385711582123
962,71.2265,-15.674265720395047
963,66.83894000000001,-12.032036493930198
964,68.137,-15.393425932449366
965,95.47949,-13.593509625149927
966,102.33733999999998,-13.954166248857218
967,64.08895000000001,-15.586571002528986
968,54.24694999999999,-12.46166101896117
969,103.17484999999999,-14.773781152934129
970,64.82278000000001,-13.465344349398418
971,43.20204000000001,-14.586005940659495
972,59.601189999999995,-14.355089369942933
973,39.11381,-14.930761973216269
974,77.94887,-15.930059179866344
975,48.37646,-13.828643187869318
976,83.11516,-11.737834233274894
977,87.02130000000001,-13.592660813872872
978,78.59097,-11.884961990879715
979,72.04013,-14.398915904083411
980,57.45146,-14.172261717431015
981,61.290960000000005,-14.6377232172918
982,21.421589999999995,-11.9938584329212
983,79.33831,-13.939878821577759
984,58.90954000000001,-13.642506347749528
985,68.69510000000001,-13.750951885878411
986,102.78642,-14.59199872693597
987,64.18574,-12.68726174412138
988,45.95226000000001,-14.463584340874892
989,53.73815,-16.372338963354025
990,40.81711000000001,-15.837727590079185
991,77.35422999999999,-13.67662133171393
992,43.78597,-14.699848734954704
993,49.74287999999999,-15.680492017616135
994,68.2706,-13.6262656380046
995,62.196,-13.4735437045417
996,51.96518000000001,-11.432370891297708
997,108.88913,-15.752041231793392
998,58.228049999999996,-13.650504445595672
999,89.92304999999999,-14.711218852651431
