Date,Method A Equity,Method B Equity,Method C Equity,A-B Difference,A-C Difference
2023-11-07,166152.68,166152.68,166152.68,0.0,0.0
2023-11-12,166152.68,166152.68,166152.68,0.0,0.0
2023-11-15,166152.68,166152.68,166152.68,0.0,0.0
2023-11-20,166152.68,166152.68,166152.68,0.0,0.0
2023-11-23,166152.68,166152.68,166152.68,0.0,0.0
2023-11-28,166152.68,166152.68,166152.68,0.0,0.0
2023-12-03,166152.68,166152.68,166152.68,0.0,0.0
2023-12-11,166152.68,166152.68,166152.68,0.0,0.0
2023-12-14,166152.68,166152.68,166152.68,0.0,0.0
2023-12-19,166152.68,166152.68,166152.68,0.0,0.0
2023-12-24,166152.68,166152.68,166152.68,0.0,0.0
2023-12-27,166152.68,166152.68,166152.68,0.0,0.0
2024-01-02,166152.68,166152.68,166152.68,0.0,0.0
2024-01-08,166152.68,166152.68,166152.68,0.0,0.0
2024-01-11,166152.68,166152.68,166152.68,0.0,0.0
2024-01-16,166152.68,166152.68,166152.68,0.0,0.0
2024-01-21,166152.68,166152.68,166152.68,0.0,0.0
2024-01-24,166152.68,166152.68,166152.68,0.0,0.0
2024-01-30,166152.68,166152.68,166152.68,0.0,0.0
2024-02-04,166152.68,166152.68,166152.68,0.0,0.0
2024-02-07,166152.68,166152.68,166152.68,0.0,0.0
2024-02-12,166152.68,166152.68,166152.68,0.0,0.0
2024-02-15,166152.68,166152.68,166152.68,0.0,0.0
2024-02-20,166152.68,166152.68,166152.68,0.0,0.0
2024-02-28,166152.68,166152.68,166152.68,0.0,0.0
2024-03-04,166152.68,166152.68,166152.68,0.0,0.0
2024-03-07,166152.68,166152.68,166152.68,0.0,0.0
2024-03-12,166152.68,166152.68,166152.68,0.0,0.0
2024-03-17,166152.68,166152.68,166152.68,0.0,0.0
2024-03-20,166152.68,166152.68,166152.68,0.0,0.0
2024-04-02,166152.68,166152.68,166152.68,0.0,0.0
2024-04-07,166152.68,166152.68,166152.68,0.0,0.0
2024-04-16,166152.68,166152.68,166152.68,0.0,0.0
2024-04-21,166152.68,166152.68,166152.68,0.0,0.0
2024-05-20,166152.68,166152.68,166152.68,0.0,0.0
2024-06-05,166152.68,166152.68,166152.68,0.0,0.0
2024-06-10,166152.68,166152.68,166152.68,0.0,0.0
2024-06-13,166152.68,166152.68,166152.68,0.0,0.0
2024-07-01,166152.68,166152.68,166152.68,0.0,0.0
2024-07-04,166152.68,166152.68,166152.68,0.0,0.0
2024-07-15,166152.68,166152.68,166152.68,0.0,0.0
2024-07-18,166152.68,166152.68,166152.68,0.0,0.0
2024-07-23,166152.68,166152.68,166152.68,0.0,0.0
2024-08-01,166152.68,166152.68,166152.68,0.0,0.0
2024-08-11,166152.68,166152.68,166152.68,0.0,0.0
2024-08-14,166152.68,166152.68,166152.68,0.0,0.0
2024-08-19,166152.68,166152.68,166152.68,0.0,0.0
2024-08-22,166152.68,166152.68,166152.68,0.0,0.0
2024-08-27,166152.68,166152.68,166152.68,0.0,0.0
2024-09-01,166152.68,166152.68,166152.68,0.0,0.0
2024-09-04,166152.68,166152.68,166152.68,0.0,0.0
2024-09-09,166152.68,166152.68,166152.68,0.0,0.0
2024-09-12,166152.68,166152.68,166152.68,0.0,0.0
2024-09-18,166152.68,166152.68,166152.68,0.0,0.0
2024-09-23,166152.68,166152.68,166152.68,0.0,0.0
2024-09-26,166152.68,166152.68,166152.68,0.0,0.0
2024-10-01,166152.68,166152.68,166152.68,0.0,0.0
2024-10-07,166152.68,166152.68,166152.68,0.0,0.0
2024-10-10,166152.68,166152.68,166152.68,0.0,0.0
2024-10-15,166152.68,166152.68,166152.68,0.0,0.0
2024-10-20,166152.68,166152.68,166152.68,0.0,0.0
2024-10-23,166152.68,166152.68,166152.68,0.0,0.0
2024-10-28,166152.68,166152.68,166152.68,0.0,0.0
2024-10-31,166152.68,166152.68,166152.68,0.0,0.0
2024-11-10,166152.68,166152.68,166152.68,0.0,0.0
2024-11-13,166152.68,166152.68,166152.68,0.0,0.0
2024-11-18,166152.68,166152.68,166152.68,0.0,0.0
2024-11-21,166152.68,166152.68,166152.68,0.0,0.0
2024-11-26,166152.68,166152.68,166152.68,0.0,0.0
2024-12-01,166152.68,166152.68,166152.68,0.0,0.0
2024-12-04,166152.68,166152.68,166152.68,0.0,0.0
2024-12-17,166152.68,166152.68,166152.68,0.0,0.0
2024-12-22,166152.68,166152.68,166152.68,0.0,0.0
2024-12-30,166152.68,166152.68,166152.68,0.0,0.0
2025-01-05,166152.68,166152.68,166152.68,0.0,0.0
2025-01-14,166152.68,166152.68,166152.68,0.0,0.0
2025-01-19,166152.68,166152.68,166152.68,0.0,0.0
2025-01-22,166152.68,166152.68,166152.68,0.0,0.0
2025-01-27,166152.68,166152.68,166152.68,0.0,0.0
2025-02-04,166152.68,166152.68,166152.68,0.0,0.0
2025-02-09,166152.68,166152.68,166152.68,0.0,0.0
2025-02-12,166152.68,166152.68,166152.68,0.0,0.0
2025-02-17,166152.68,166152.68,166152.68,0.0,0.0
2025-02-20,166152.68,166152.68,166152.68,0.0,0.0
2025-02-25,166152.68,166152.68,166152.68,0.0,0.0
2025-03-02,166152.68,166152.68,166152.68,0.0,0.0
2025-03-10,166152.68,166152.68,166152.68,0.0,0.0
2025-03-13,166152.68,166152.68,166152.68,0.0,0.0
2025-03-18,166152.68,166152.68,166152.68,0.0,0.0
2025-03-23,166152.68,166152.68,166152.68,0.0,0.0
2025-03-26,166152.68,166152.68,166152.68,0.0,0.0
2025-04-06,166152.68,166152.68,166152.68,0.0,0.0
2025-04-09,166152.68,166152.68,166152.68,0.0,0.0
2025-04-14,166152.68,166152.68,166152.68,0.0,0.0
2025-04-27,166152.68,166152.68,166152.68,0.0,0.0
2025-04-30,166152.68,166152.68,166152.68,0.0,0.0
2025-05-06,166152.68,166152.68,166152.68,0.0,0.0
2025-05-14,166152.68,166152.68,166152.68,0.0,0.0
2025-05-19,166152.68,166152.68,166152.68,0.0,0.0
2025-05-22,166152.68,166152.68,166152.68,0.0,0.0
2025-05-27,166152.68,166152.68,166152.68,0.0,0.0
2025-06-01,166152.68,166152.68,166152.68,0.0,0.0
2025-06-04,166152.68,166152.68,166152.68,0.0,0.0
2025-06-12,166152.68,166152.68,166152.68,0.0,0.0
2025-06-17,166152.68,166152.68,166152.68,0.0,0.0
2025-06-22,166152.68,166152.68,166152.68,0.0,0.0
2025-06-25,166152.68,166152.68,166152.68,0.0,0.0
2025-07-01,166152.68,166152.68,166152.68,0.0,0.0
2025-07-07,166152.68,166152.68,166152.68,0.0,0.0
2025-07-16,166152.68,166152.68,166152.68,0.0,0.0
2025-07-21,166152.68,166152.68,166152.68,0.0,0.0
2025-07-27,166152.68,166152.68,166152.68,0.0,0.0
2025-07-30,166152.68,166152.68,166152.68,0.0,0.0
2025-08-07,166152.68,166152.68,166152.68,0.0,0.0
2025-08-12,166152.68,166152.68,166152.68,0.0,0.0
2025-08-17,166152.68,166152.68,166152.68,0.0,0.0
2025-08-25,166152.68,166152.68,166152.68,0.0,0.0
2025-09-02,166152.68,166152.68,166152.68,0.0,0.0
2025-09-11,166152.68,166152.68,166152.68,0.0,0.0
2025-09-21,166152.68,166152.68,166152.68,0.0,0.0
2025-09-24,166152.68,166152.68,166152.68,0.0,0.0
2025-09-29,166152.68,166152.68,166152.68,0.0,0.0
2025-10-02,166152.68,166152.68,166152.68,0.0,0.0
2025-10-07,166152.68,166152.68,166152.68,0.0,0.0
2025-10-16,166152.68,166152.68,166152.68,0.0,0.0
2025-10-21,166152.68,166152.68,166152.68,0.0,0.0
2025-10-26,166152.68,166152.68,166152.68,0.0,0.0
2025-10-29,166152.68,166152.68,166152.68,0.0,0.0
2025-11-03,166152.68,166152.68,166152.68,0.0,0.0
2025-11-06,166152.68,166152.68,166152.68,0.0,0.0
2025-11-11,166152.68,166152.68,166152.68,0.0,0.0
2025-11-19,166152.68,166152.68,166152.68,0.0,0.0
2025-11-24,166152.68,166152.68,166152.68,0.0,0.0
2025-12-02,166152.68,166152.68,166152.68,0.0,0.0
2025-12-07,166152.68,166152.68,166152.68,0.0,0.0
2025-12-10,166152.68,166152.68,166152.68,0.0,0.0
2025-12-18,166152.68,166152.68,166152.68,0.0,0.0
2025-12-23,166152.68,166152.68,166152.68,0.0,0.0
2025-12-28,166152.68,166152.68,166152.68,0.0,0.0
2025-12-31,166152.68,166152.68,166152.68,0.0,0.0
2026-01-06,166152.68,166152.68,166152.68,0.0,0.0
2026-01-12,166152.68,166152.68,166152.68,0.0,0.0
2026-01-15,166152.68,166152.68,166152.68,0.0,0.0
2026-01-20,166152.68,166152.68,166152.68,0.0,0.0
2026-01-25,166152.68,166152.68,166152.68,0.0,0.0
2026-01-28,166152.68,166152.68,166152.68,0.0,0.0
2026-02-03,166152.68,166152.68,166152.68,0.0,0.0
2026-02-08,166152.68,166152.68,166152.68,0.0,0.0
2026-02-11,166152.68,166152.68,166152.68,0.0,0.0
2026-02-16,166152.68,166152.68,166152.68,0.0,0.0
2026-02-19,166152.68,166152.68,166152.68,0.0,0.0
2026-02-24,166152.68,166152.68,166152.68,0.0,0.0
2026-03-01,166152.68,166152.68,166152.68,0.0,0.0
2026-03-04,166152.68,166152.68,166152.68,0.0,0.0
2026-03-09,166152.68,166152.68,166152.68,0.0,0.0
2026-03-12,166152.68,166152.68,166152.68,0.0,0.0
2026-03-17,166152.68,166152.68,166152.68,0.0,0.0
2026-03-24,166152.68,166152.68,166152.68,0.0,0.0
2026-04-06,166152.68,166152.68,166152.68,0.0,0.0
2026-04-09,166152.68,166152.68,166152.68,0.0,0.0
2026-04-16,166152.68,166152.68,166152.68,0.0,0.0
2026-04-21,166152.68,166152.68,166152.68,0.0,0.0
2026-04-26,166152.68,166152.68,166152.68,0.0,0.0
2026-04-29,166152.68,166152.68,166152.68,0.0,0.0
2026-05-04,166152.68,166152.68,166152.68,0.0,0.0
2026-05-12,166152.68,166152.68,166152.68,0.0,0.0
2026-05-17,166152.68,166152.68,166152.68,0.0,0.0
2026-05-20,166152.68,166152.68,166152.68,0.0,0.0
2026-05-25,166152.68,166152.68,166152.68,0.0,0.0
2026-05-28,166152.68,166152.68,166152.68,0.0,0.0
2026-06-03,166152.68,166152.68,166152.68,0.0,0.0
2026-06-08,166152.68,166152.68,166152.68,0.0,0.0
2026-06-16,166152.68,166152.68,166152.68,0.0,0.0
2026-06-21,166152.68,166152.68,166152.68,0.0,0.0
2026-06-24,166152.68,166152.68,166152.68,0.0,0.0
2026-06-29,166152.68,166152.68,166152.68,0.0,0.0
2026-07-07,166152.68,166152.68,166152.68,0.0,0.0
2026-07-12,166152.68,166152.68,166152.68,0.0,0.0
2026-07-15,166152.68,166152.68,166152.68,0.0,0.0
2026-07-28,166152.68,166152.68,166152.68,0.0,0.0
2026-08-02,166152.68,166152.68,166152.68,0.0,0.0
2026-08-05,166152.68,166152.68,166152.68,0.0,0.0
2026-08-10,166152.68,166152.68,166152.68,0.0,0.0
2026-08-13,166152.68,166152.68,166152.68,0.0,0.0
