ticker,entry_date,exit_date,entry_price,exit_price,qty,cost_basis_egp,gross_proceeds_egp,entry_fee_egp,exit_fee_egp,total_friction_egp,net_pnl_pct,net_profit_egp,days_held,reason
FWRY.CA,2023-11-07,2023-11-09,5.53,5.2,1808,10043.23,9359.29,44.99,42.31,87.3,-6.81,-683.94,2,STOP_LOSS
ADIB.CA,2023-11-07,2023-11-09,28.44,30.833,351,10027.36,10773.8,44.92,48.7,93.62,7.44,746.44,2,PROFIT_TARGET
ESRS.CA,2023-11-07,2023-11-14,73.93,81.5,135,10025.46,10952.99,44.91,49.51,94.42,9.25,927.53,5,PROFIT_TARGET
TMGH.CA,2023-11-12,2023-11-15,21.69,24.221,462,10065.87,11139.62,45.09,50.35,95.45,10.67,1073.74,3,PROFIT_TARGET
PHDC.CA,2023-11-15,2023-11-22,2.74,2.99,3711,10213.9,11045.96,45.76,49.93,95.69,8.15,832.06,5,PROFIT_TARGET
ADIB.CA,2023-11-12,2023-11-23,29.07,31.967,345,10074.28,10978.87,45.13,49.63,94.76,8.98,904.59,9,PROFIT_TARGET
HRHO.CA,2023-11-12,2023-11-23,17.62,18.627,569,10070.9,10551.32,45.12,47.7,92.81,4.77,480.42,9,PROFIT_TARGET
JUFO.CA,2023-11-20,2023-11-23,13.8,15.819,740,10257.95,11653.25,45.95,52.68,98.63,13.6,1395.29,3,PROFIT_TARGET
ESRS.CA,2023-11-15,2023-11-29,78.58,76.0,129,10182.44,9759.88,45.62,44.12,89.73,-4.15,-422.55,10,TIME_EXIT
TMGH.CA,2023-11-15,2023-11-29,23.53,22.738,432,10210.7,9778.79,45.74,44.2,89.95,-4.23,-431.91,10,TIME_EXIT
SKPC.CA,2023-11-20,2023-12-04,28.78,27.21,355,10262.88,9615.94,45.98,43.47,89.44,-6.3,-646.93,10,TIME_EXIT
FWRY.CA,2023-11-23,2023-12-06,5.23,5.66,2019,10606.89,11376.12,47.52,51.42,98.94,7.25,769.23,9,PROFIT_TARGET
HRHO.CA,2023-11-23,2023-12-07,18.4,17.321,573,10590.64,9880.24,47.44,44.66,92.11,-6.71,-710.41,10,STOP_LOSS
ADIB.CA,2023-11-23,2023-12-07,31.43,31.667,335,10576.43,10560.6,47.38,47.74,95.12,-0.15,-15.84,10,TIME_EXIT
COMI.CA,2023-11-28,2023-12-12,74.5,69.762,140,10476.93,9722.78,46.94,43.95,90.89,-7.2,-754.15,10,TIME_EXIT
PHDC.CA,2023-12-03,2023-12-17,2.92,3.01,3532,10359.85,10583.48,46.41,47.84,94.25,2.16,223.63,10,TIME_EXIT
TMGH.CA,2023-12-03,2023-12-17,22.75,22.679,453,10352.13,10227.41,46.38,46.23,92.61,-1.2,-124.71,10,TIME_EXIT
JUFO.CA,2023-12-03,2023-12-17,15.26,16.501,675,10346.85,11087.83,46.35,50.12,96.47,7.16,740.98,10,PROFIT_TARGET
ADIB.CA,2023-12-11,2023-12-17,30.22,33.7,339,10290.68,11372.89,46.1,51.41,97.51,10.52,1082.21,4,PROFIT_TARGET
ESRS.CA,2023-12-14,2023-12-18,74.03,79.95,139,10336.48,11063.04,46.31,50.01,96.31,7.03,726.57,2,PROFIT_TARGET
HRHO.CA,2023-12-11,2023-12-25,17.4,16.549,589,10294.72,9703.45,46.12,43.86,89.98,-5.74,-591.27,10,TIME_EXIT
ESRS.CA,2023-12-19,2023-12-27,81.26,89.8,130,10611.34,11621.47,47.54,52.53,100.07,9.52,1010.13,6,PROFIT_TARGET
ADIB.CA,2023-12-19,2023-12-27,33.89,31.333,313,10655.3,9763.2,47.73,44.13,91.87,-8.37,-892.1,6,STOP_LOSS
SWDY.CA,2023-12-14,2023-12-28,26.43,27.366,392,10407.18,10679.07,46.62,48.27,94.9,2.61,271.88,10,TIME_EXIT
ADIB.CA,2023-12-27,2023-12-31,31.19,33.325,333,10433.01,11047.29,46.74,49.94,96.68,5.89,614.28,2,PROFIT_TARGET
TMGH.CA,2023-12-19,2024-01-03,24.23,23.954,438,10660.5,10444.59,47.76,47.21,94.97,-2.03,-215.9,10,TIME_EXIT
PHDC.CA,2024-01-02,2024-01-08,2.83,3.1,3730,10603.4,11510.97,47.5,52.03,99.54,8.56,907.56,3,PROFIT_TARGET
FWRY.CA,2023-12-24,2024-01-09,5.72,5.7,1834,10537.69,10406.76,47.21,47.04,94.25,-1.24,-130.93,10,TIME_EXIT
JUFO.CA,2023-12-24,2024-01-09,16.52,15.829,635,10537.41,10005.9,47.21,45.23,92.44,-5.04,-531.5,10,TIME_EXIT
PHDC.CA,2024-01-08,2024-01-14,3.05,3.32,3489,10689.34,11531.35,47.89,52.13,100.01,7.88,842.02,4,PROFIT_TARGET
ADIB.CA,2024-01-02,2024-01-15,32.01,35.217,329,10578.68,11534.15,47.39,52.14,99.53,9.03,955.46,8,PROFIT_TARGET
SKPC.CA,2024-01-02,2024-01-16,26.69,29.473,395,10589.99,11589.52,47.44,52.39,99.83,9.44,999.53,9,PROFIT_TARGET
SWDY.CA,2024-01-08,2024-01-16,28.75,30.226,370,10685.37,11133.15,47.87,50.33,98.19,4.19,447.78,6,PROFIT_TARGET
TMGH.CA,2024-01-16,2024-01-21,27.48,31.108,402,11096.67,12449.32,49.71,56.28,105.99,12.19,1352.65,3,PROFIT_TARGET
FWRY.CA,2024-01-11,2024-01-28,5.64,5.46,1908,10809.55,10370.8,48.43,46.88,95.3,-4.06,-438.74,10,TIME_EXIT
ESRS.CA,2024-01-11,2024-01-28,86.3,89.51,124,10749.36,11049.29,48.16,49.95,98.1,2.79,299.94,10,TIME_EXIT
JUFO.CA,2024-01-11,2024-01-28,16.23,16.9,663,10808.91,11154.3,48.42,50.42,98.84,3.2,345.39,10,TIME_EXIT
ADIB.CA,2024-01-16,2024-01-30,36.99,41.667,299,11109.78,12402.27,49.77,56.06,105.83,11.63,1292.49,9,PROFIT_TARGET
HRHO.CA,2024-01-21,2024-01-30,17.6,18.954,641,11332.37,12094.88,50.77,54.67,105.44,6.73,762.51,6,PROFIT_TARGET
PHDC.CA,2024-01-24,2024-01-30,3.25,3.5,3427,11187.87,11940.52,50.12,53.98,104.1,6.73,752.65,3,PROFIT_TARGET
SWDY.CA,2024-01-24,2024-01-30,31.12,33.296,357,11159.83,11833.19,49.99,53.49,103.48,6.03,673.35,3,PROFIT_TARGET
ESRS.CA,2024-01-30,2024-01-31,87.05,79.2,131,11454.87,10328.51,51.32,46.69,98.0,-9.83,-1126.35,1,STOP_LOSS
PHDC.CA,2024-01-30,2024-01-31,3.44,3.13,3338,11534.39,10400.92,51.67,47.02,98.69,-9.83,-1133.47,1,STOP_LOSS
ADIB.CA,2024-02-04,2024-02-05,36.24,39.583,310,11284.95,12215.61,50.55,55.22,105.77,8.25,930.66,1,PROFIT_TARGET
JUFO.CA,2024-02-07,2024-02-13,16.92,19.988,677,11506.39,13470.86,51.55,60.89,112.44,17.07,1964.47,4,PROFIT_TARGET
HRHO.CA,2024-02-04,2024-02-14,17.7,19.498,636,11307.86,12345.2,50.66,55.8,106.46,9.17,1037.34,8,PROFIT_TARGET
PHDC.CA,2024-02-04,2024-02-14,3.37,3.69,3340,11306.45,12269.14,50.65,55.46,106.11,8.51,962.69,8,PROFIT_TARGET
ADIB.CA,2024-02-07,2024-02-19,37.76,41.217,303,11492.77,12432.45,51.49,56.2,107.68,8.18,939.69,8,PROFIT_TARGET
TMGH.CA,2024-02-12,2024-02-19,42.95,47.74,269,11605.54,12784.22,51.99,57.79,109.78,10.16,1178.68,5,PROFIT_TARGET
SWDY.CA,2024-02-07,2024-02-20,28.91,32.043,396,11499.88,12631.92,51.52,57.1,108.62,9.84,1132.04,9,PROFIT_TARGET
PHDC.CA,2024-02-15,2024-02-20,3.66,4.24,3266,12007.35,13785.52,53.79,62.32,116.11,14.81,1778.17,3,PROFIT_TARGET
COMI.CA,2024-02-12,2024-02-26,73.54,68.512,157,11597.74,10707.93,51.96,48.4,100.36,-7.67,-889.81,10,TIME_EXIT
SKPC.CA,2024-02-12,2024-02-26,36.25,28.659,319,11615.79,9101.21,52.04,41.14,93.18,-21.65,-2514.57,10,STOP_LOSS
FWRY.CA,2024-02-15,2024-02-26,5.74,6.67,2083,12010.22,13831.09,53.8,62.52,116.33,15.16,1820.87,7,PROFIT_TARGET
SWDY.CA,2024-02-20,2024-02-27,32.05,34.922,383,12330.39,13314.96,55.24,60.19,115.43,7.98,984.57,5,PROFIT_TARGET
ADIB.CA,2024-02-20,2024-02-28,40.19,37.442,306,12353.48,11405.59,55.34,51.56,106.9,-7.67,-947.89,6,STOP_LOSS
HRHO.CA,2024-02-15,2024-02-29,19.21,18.618,622,12002.39,11528.0,53.77,52.11,105.88,-3.95,-474.39,10,TIME_EXIT
SWDY.CA,2024-02-28,2024-03-04,32.12,35.391,375,12099.2,13211.81,54.2,59.72,113.92,9.2,1112.61,3,PROFIT_TARGET
SWDY.CA,2024-03-04,2024-03-05,34.26,42.469,353,12148.2,14924.06,54.42,67.46,121.88,22.85,2775.86,1,PROFIT_TARGET
ADIB.CA,2024-03-04,2024-03-06,38.08,42.492,318,12163.93,13451.54,54.49,60.81,115.3,10.59,1287.61,2,PROFIT_TARGET
HRHO.CA,2024-03-04,2024-03-07,19.48,21.082,621,12151.52,13033.05,54.44,58.91,113.35,7.25,881.53,3,PROFIT_TARGET
HRHO.CA,2024-03-07,2024-03-10,20.68,22.656,606,12588.47,13667.63,56.39,61.78,118.18,8.57,1079.15,1,PROFIT_TARGET
FWRY.CA,2024-03-07,2024-03-10,6.79,8.4,1845,12583.92,15428.26,56.37,69.74,126.11,22.6,2844.33,1,PROFIT_TARGET
JUFO.CA,2024-02-28,2024-03-12,19.83,22.403,608,12110.89,13560.03,54.25,61.3,115.55,11.97,1449.13,9,PROFIT_TARGET
ADIB.CA,2024-03-07,2024-03-13,45.58,40.833,274,12545.12,11137.99,56.2,50.35,106.55,-11.22,-1407.13,4,STOP_LOSS
HRHO.CA,2024-03-12,2024-03-18,21.31,18.024,616,13186.03,11052.62,59.07,49.96,109.03,-16.18,-2133.41,4,STOP_LOSS
JUFO.CA,2024-03-12,2024-03-20,21.78,19.325,603,13192.44,11600.81,59.1,52.44,111.54,-12.06,-1591.63,6,STOP_LOSS
TMGH.CA,2024-03-17,2024-03-24,71.8,59.094,179,12910.03,10530.26,57.83,47.6,105.44,-18.43,-2379.77,5,STOP_LOSS
COMI.CA,2024-03-12,2024-03-26,82.78,77.156,158,13138.1,12135.81,58.86,54.86,113.71,-7.63,-1002.29,10,TIME_EXIT
FWRY.CA,2024-03-17,2024-03-31,8.23,7.06,1569,12970.98,11027.29,58.11,49.85,107.96,-14.98,-1943.69,10,TIME_EXIT
ADIB.CA,2024-03-17,2024-03-31,39.33,32.917,328,12958.29,10748.08,58.05,48.58,106.64,-17.06,-2210.21,10,STOP_LOSS
JUFO.CA,2024-03-20,2024-03-31,19.32,16.267,636,12342.81,10299.18,55.29,46.56,101.85,-16.56,-2043.63,7,STOP_LOSS
TMGH.CA,2024-04-07,2024-04-15,60.9,67.81,193,11806.59,13028.46,52.89,58.89,111.78,10.35,1221.86,2,PROFIT_TARGET
FWRY.CA,2024-04-02,2024-04-22,7.16,7.08,1636,11766.47,11530.76,52.71,52.12,104.83,-2.0,-235.72,10,TIME_EXIT
TMGH.CA,2024-04-16,2024-04-24,64.34,55.823,185,11956.46,10280.83,53.56,46.47,100.04,-14.01,-1675.63,6,STOP_LOSS
PHDC.CA,2024-04-21,2024-04-24,3.85,3.43,3075,11892.02,10499.79,53.27,47.46,100.74,-11.71,-1392.24,3,STOP_LOSS
SWDY.CA,2024-04-16,2024-05-01,33.26,33.26,358,11960.66,11853.5,53.58,53.58,107.16,-0.9,-107.16,10,TIME_EXIT
ESRS.CA,2024-05-20,2024-05-21,68.59,75.02,167,11506.08,12471.96,51.55,56.38,107.92,8.39,965.89,1,PROFIT_TARGET
AMOC.CA,2024-05-20,2024-05-27,6.55,6.903,1755,11546.98,12060.34,51.73,54.52,106.25,4.45,513.36,5,PROFIT_TARGET
SKPC.CA,2024-05-20,2024-06-03,28.82,28.775,399,11550.93,11429.45,51.75,51.67,103.41,-1.05,-121.47,10,TIME_EXIT
HRHO.CA,2024-06-05,2024-06-23,16.72,18.301,695,11672.69,12661.83,52.29,57.24,109.53,8.47,989.14,7,PROFIT_TARGET
ESRS.CA,2024-06-10,2024-06-23,73.49,81.62,158,11663.67,12837.93,52.25,58.03,110.28,10.07,1174.26,4,PROFIT_TARGET
PHDC.CA,2024-06-10,2024-06-26,3.87,4.31,3008,11693.34,12906.14,52.38,58.34,110.72,10.37,1212.8,7,PROFIT_TARGET
ADIB.CA,2024-06-13,2024-06-26,31.88,34.767,368,11784.63,12736.56,52.79,57.57,110.37,8.08,951.93,4,PROFIT_TARGET
ADIB.CA,2024-07-01,2024-07-07,34.64,37.383,348,12108.97,12950.86,54.25,58.54,112.79,6.95,841.89,4,PROFIT_TARGET
PHDC.CA,2024-07-04,2024-07-09,4.22,4.6,2877,12195.57,13174.65,54.63,59.55,114.19,8.03,979.07,3,PROFIT_TARGET
SWDY.CA,2024-07-04,2024-07-16,46.85,42.606,259,12188.75,10985.21,54.6,49.66,104.26,-9.87,-1203.54,7,STOP_LOSS
COMI.CA,2024-07-04,2024-07-21,74.7,72.638,162,12155.86,11714.36,54.46,52.95,107.41,-3.63,-441.5,10,TIME_EXIT
TMGH.CA,2024-07-15,2024-07-29,58.28,54.666,208,12176.79,11319.26,54.55,51.17,105.72,-7.04,-857.53,9,STOP_LOSS
ADIB.CA,2024-07-15,2024-07-30,35.15,38.11,346,12216.63,13126.72,54.73,59.34,114.07,7.45,910.09,10,PROFIT_TARGET
ESRS.CA,2024-07-15,2024-07-30,80.6,82.3,150,12144.41,12289.45,54.41,55.55,109.96,1.19,145.04,10,TIME_EXIT
JUFO.CA,2024-07-18,2024-07-30,18.9,20.979,640,12150.43,13366.34,54.43,60.42,114.85,10.01,1215.91,7,PROFIT_TARGET
SWDY.CA,2024-07-18,2024-08-04,44.45,45.15,272,12144.81,12225.54,54.41,55.26,109.67,0.66,80.73,10,TIME_EXIT
HRHO.CA,2024-07-18,2024-08-04,20.84,18.994,580,12141.59,10966.74,54.39,49.57,103.97,-9.68,-1174.85,10,STOP_LOSS
PHDC.CA,2024-07-23,2024-08-04,4.66,4.27,2613,12231.37,11107.3,54.79,50.21,105.0,-9.19,-1124.07,7,STOP_LOSS
FWRY.CA,2024-07-23,2024-08-05,6.74,6.26,1807,12233.99,11260.92,54.81,50.9,105.71,-7.95,-973.07,8,STOP_LOSS
ESRS.CA,2024-08-01,2024-08-07,84.46,95.02,143,12132.13,13526.71,54.35,61.15,115.5,11.49,1394.58,4,PROFIT_TARGET
JUFO.CA,2024-08-01,2024-08-14,20.47,24.847,593,12193.33,14668.13,54.62,66.3,120.93,20.3,2474.8,9,PROFIT_TARGET
ADIB.CA,2024-08-01,2024-08-15,38.43,40.27,315,12159.92,12627.97,54.47,57.08,111.56,3.85,468.04,10,TIME_EXIT
PHDC.CA,2024-08-14,2024-08-18,4.35,4.74,2815,12300.35,13283.06,55.1,60.04,115.15,7.99,982.7,2,PROFIT_TARGET
FWRY.CA,2024-08-14,2024-08-20,6.4,7.05,1913,12298.29,13425.96,55.09,60.69,115.78,9.17,1127.67,4,PROFIT_TARGET
SWDY.CA,2024-08-19,2024-08-20,57.0,60.474,218,12481.92,13124.03,55.92,59.33,115.24,5.14,642.11,1,PROFIT_TARGET
ADIB.CA,2024-08-19,2024-08-21,39.68,42.89,313,12475.73,13364.16,55.89,60.41,116.3,7.12,888.43,2,PROFIT_TARGET
PHDC.CA,2024-08-19,2024-08-22,4.96,5.36,2508,12495.66,13382.39,55.98,60.49,116.47,7.1,886.73,3,PROFIT_TARGET
TMGH.CA,2024-08-11,2024-08-25,57.67,55.052,210,12165.2,11508.97,54.5,52.02,106.52,-5.39,-656.22,10,TIME_EXIT
ESRS.CA,2024-08-11,2024-08-25,95.41,103.0,127,12171.6,13022.14,54.53,58.86,113.39,6.99,850.54,10,PROFIT_TARGET
FWRY.CA,2024-08-22,2024-08-26,6.95,7.62,1846,12887.43,14003.22,57.73,63.3,121.03,8.66,1115.79,2,PROFIT_TARGET
JUFO.CA,2024-08-22,2024-08-26,23.08,25.377,556,12890.23,14046.35,57.75,63.49,121.24,8.97,1156.12,2,PROFIT_TARGET
SKPC.CA,2024-08-14,2024-08-28,26.06,27.563,469,12277.14,12868.86,55.0,58.17,113.17,4.82,591.72,10,TIME_EXIT
ESRS.CA,2024-08-27,2024-08-28,95.5,108.8,136,13046.45,14730.21,58.45,66.59,125.03,12.91,1683.77,1,PROFIT_TARGET
TMGH.CA,2024-08-27,2024-09-03,56.27,60.508,231,13056.86,13914.45,58.49,62.9,121.39,6.57,857.59,5,PROFIT_TARGET
SWDY.CA,2024-08-22,2024-09-05,57.0,59.004,225,12882.71,13216.07,57.71,59.74,117.45,2.59,333.36,10,TIME_EXIT
ADIB.CA,2024-08-27,2024-09-08,42.92,40.71,303,13063.28,12279.62,58.52,55.51,114.03,-6.0,-783.66,8,STOP_LOSS
ESRS.CA,2024-09-01,2024-09-16,103.86,99.0,127,13249.58,12516.42,59.36,56.58,115.93,-5.53,-733.15,10,TIME_EXIT
SKPC.CA,2024-09-01,2024-09-16,28.15,25.582,471,13318.31,11994.82,59.66,54.22,113.88,-9.94,-1323.5,10,STOP_LOSS
JUFO.CA,2024-09-01,2024-09-16,23.98,24.749,553,13320.61,13624.67,59.67,61.59,121.26,2.28,304.06,10,TIME_EXIT
TMGH.CA,2024-09-04,2024-09-16,59.58,56.54,223,13346.13,12551.74,59.79,56.74,116.53,-5.95,-794.39,7,STOP_LOSS
FWRY.CA,2024-09-09,2024-09-18,7.3,7.95,1800,13199.13,14245.6,59.13,64.39,123.52,7.93,1046.47,6,PROFIT_TARGET
ADIB.CA,2024-09-09,2024-09-24,40.4,40.4,325,13189.08,13070.92,59.09,59.09,118.17,-0.9,-118.17,10,TIME_EXIT
SWDY.CA,2024-09-12,2024-09-24,56.15,65.466,232,13085.42,15119.78,58.62,68.35,126.97,15.55,2034.36,7,PROFIT_TARGET
FWRY.CA,2024-09-18,2024-09-25,7.83,8.6,1660,13056.29,14211.76,58.49,64.24,122.73,8.85,1155.47,5,PROFIT_TARGET
HRHO.CA,2024-09-12,2024-09-29,22.5,24.338,580,13108.73,14052.75,58.73,63.52,122.25,7.2,944.02,10,PROFIT_TARGET
PHDC.CA,2024-09-12,2024-09-29,6.28,6.51,2078,13108.56,13466.91,58.72,60.88,119.6,2.73,358.34,10,TIME_EXIT
ESRS.CA,2024-09-18,2024-09-30,106.15,116.94,122,13008.58,14202.48,58.28,64.2,122.48,9.18,1193.9,8,PROFIT_TARGET
TMGH.CA,2024-09-23,2024-09-30,58.41,63.186,229,13436.08,14404.53,60.19,65.11,125.3,7.21,968.45,5,PROFIT_TARGET
SWDY.CA,2024-09-26,2024-09-30,63.9,70.139,214,13736.14,14942.15,61.54,67.54,129.08,8.78,1206.01,2,PROFIT_TARGET
JUFO.CA,2024-09-18,2024-10-01,23.85,26.232,545,13056.74,14231.84,58.49,64.33,122.82,9.0,1175.09,9,PROFIT_TARGET
SKPC.CA,2024-09-26,2024-10-01,27.12,22.641,505,13757.23,11382.03,61.63,51.45,113.08,-17.27,-2375.2,3,STOP_LOSS
ADIB.CA,2024-10-01,2024-10-07,40.14,38.68,344,13870.3,13246.04,62.14,59.88,122.01,-4.5,-624.25,3,STOP_LOSS
TMGH.CA,2024-10-01,2024-10-08,61.73,57.473,224,13889.74,12815.95,62.22,57.93,120.16,-7.73,-1073.79,4,STOP_LOSS
ESRS.CA,2024-10-07,2024-10-10,106.17,99.0,129,13757.56,12713.53,61.63,57.47,119.1,-7.59,-1044.03,3,STOP_LOSS
FWRY.CA,2024-09-26,2024-10-13,8.29,7.7,1654,13773.36,12678.49,61.7,57.31,119.01,-7.95,-1094.87,10,STOP_LOSS
HRHO.CA,2024-10-01,2024-10-13,24.33,21.379,568,13881.63,12088.62,62.19,54.64,116.83,-12.92,-1793.0,7,STOP_LOSS
PHDC.CA,2024-10-07,2024-10-13,6.46,5.71,2124,13782.78,12073.46,61.74,54.58,116.32,-12.4,-1709.32,4,STOP_LOSS
JUFO.CA,2024-10-10,2024-10-16,28.15,34.429,474,13403.14,16245.84,60.04,73.44,133.48,21.21,2842.69,4,PROFIT_TARGET
JUFO.CA,2024-10-20,2024-10-21,29.32,32.996,447,13165.02,14682.64,58.98,66.37,125.35,11.53,1517.62,1,PROFIT_TARGET
TMGH.CA,2024-10-15,2024-10-29,58.66,59.367,223,13140.05,13179.33,58.87,59.58,118.44,0.3,39.28,10,TIME_EXIT
FWRY.CA,2024-10-15,2024-10-29,8.0,7.69,1636,13146.9,12524.23,58.9,56.61,115.51,-4.74,-622.67,10,TIME_EXIT
SWDY.CA,2024-10-15,2024-10-29,89.77,86.682,145,13075.22,12512.3,58.57,56.56,115.13,-4.31,-562.92,10,TIME_EXIT
ADIB.CA,2024-10-23,2024-11-03,39.48,42.6,340,13483.6,14418.82,60.4,65.18,125.58,6.94,935.22,7,PROFIT_TARGET
CICH.CA,2024-10-23,2024-11-03,5.38,5.648,2495,13483.5,14027.46,60.4,63.41,123.81,4.03,543.96,7,PROFIT_TARGET
ESRS.CA,2024-10-28,2024-11-05,104.88,114.45,127,13379.7,14469.74,59.94,65.41,125.35,8.15,1090.04,6,PROFIT_TARGET
JUFO.CA,2024-10-23,2024-11-06,32.4,31.278,414,13473.96,12890.63,60.36,58.27,118.63,-4.33,-583.33,10,TIME_EXIT
SWDY.CA,2024-10-31,2024-11-14,87.0,88.027,154,13458.29,13495.08,60.29,61.0,121.29,0.27,36.79,10,TIME_EXIT
JUFO.CA,2024-11-13,2024-11-18,31.52,33.967,432,13677.91,14607.9,61.27,66.03,127.31,6.8,929.99,3,PROFIT_TARGET
HRHO.CA,2024-11-13,2024-11-19,22.6,21.488,603,13689.13,12898.88,61.33,58.31,119.63,-5.77,-790.25,4,STOP_LOSS
FWRY.CA,2024-11-10,2024-11-24,8.19,8.24,1665,13697.71,13657.86,61.36,61.74,123.1,-0.29,-39.85,10,TIME_EXIT
TMGH.CA,2024-11-10,2024-11-24,60.18,57.135,226,13661.88,12854.5,61.2,58.11,119.31,-5.91,-807.38,10,STOP_LOSS
ESRS.CA,2024-11-10,2024-11-24,112.57,112.6,121,13682.26,13563.29,61.29,61.31,122.61,-0.87,-118.98,10,TIME_EXIT
ADIB.CA,2024-11-13,2024-11-27,41.93,43.0,325,13688.57,13912.11,61.32,62.89,124.21,1.63,223.54,10,TIME_EXIT
JUFO.CA,2024-11-18,2024-11-27,33.38,31.14,408,13680.33,12647.98,61.29,57.17,118.46,-7.55,-1032.34,7,STOP_LOSS
ESRS.CA,2024-11-26,2024-11-28,111.72,104.7,120,13466.73,12507.46,60.33,56.54,116.87,-7.12,-959.27,2,STOP_LOSS
SWDY.CA,2024-11-21,2024-12-05,88.52,84.94,153,13604.51,12937.41,60.95,58.48,119.43,-4.9,-667.1,10,TIME_EXIT
PHDC.CA,2024-12-01,2024-12-08,5.83,6.45,2282,13363.93,14652.66,59.87,66.24,126.1,9.64,1288.74,5,PROFIT_TARGET
ADIB.CA,2024-12-01,2024-12-10,42.73,41.6,311,13348.83,12879.38,59.8,58.22,118.02,-3.52,-469.45,7,STOP_LOSS
FWRY.CA,2024-12-01,2024-12-15,8.42,8.79,1580,13363.47,13825.7,59.87,62.5,122.36,3.46,462.24,10,TIME_EXIT
JUFO.CA,2024-12-04,2024-12-18,31.35,30.335,428,13478.18,12924.99,60.38,58.43,118.81,-4.1,-553.19,10,TIME_EXIT
FWRY.CA,2024-12-17,2024-12-31,8.6,8.55,1546,13355.43,13158.82,59.83,59.48,119.31,-1.47,-196.61,10,TIME_EXIT
PHDC.CA,2024-12-22,2025-01-02,6.3,6.94,2110,13352.82,14577.5,59.82,65.9,125.71,9.17,1224.69,8,PROFIT_TARGET
ESRS.CA,2024-12-30,2025-01-13,111.51,120.69,119,13329.4,14297.48,59.71,64.63,124.34,7.26,968.08,8,PROFIT_TARGET
PHDC.CA,2025-01-05,2025-01-13,6.97,6.52,1937,13561.64,12572.41,60.75,56.83,117.59,-7.29,-989.24,5,STOP_LOSS
FWRY.CA,2025-01-05,2025-01-14,8.71,8.2,1550,13561.25,12652.8,60.75,57.19,117.95,-6.7,-908.45,6,STOP_LOSS
JUFO.CA,2024-12-30,2025-01-15,31.71,31.032,420,13378.13,12974.83,59.93,58.65,118.58,-3.01,-403.3,10,TIME_EXIT
PHDC.CA,2025-01-14,2025-01-28,6.45,6.6,2067,13392.14,13580.81,59.99,61.39,121.38,1.41,188.67,10,TIME_EXIT
HELI.CA,2025-01-19,2025-01-29,8.83,9.585,1515,13437.65,14455.45,60.2,65.34,125.54,7.57,1017.8,8,PROFIT_TARGET
SKPC.CA,2025-01-19,2025-02-02,19.42,19.456,688,13421.08,13325.25,60.12,60.23,120.36,-0.71,-95.83,10,TIME_EXIT
FWRY.CA,2025-01-22,2025-02-05,8.39,8.34,1601,13492.84,13292.25,60.45,60.09,120.53,-1.49,-200.58,10,TIME_EXIT
JUFO.CA,2025-01-22,2025-02-05,32.54,34.36,412,13466.81,14092.67,60.33,63.7,124.03,4.65,625.86,10,TIME_EXIT
SWDY.CA,2025-01-22,2025-02-05,81.45,75.943,164,13417.91,12398.66,60.11,56.05,116.16,-7.6,-1019.25,10,TIME_EXIT
SKPC.CA,2025-02-04,2025-02-09,19.81,20.581,677,13471.72,13870.54,60.35,62.7,123.05,2.96,398.82,3,PROFIT_TARGET
HRHO.CA,2025-01-27,2025-02-10,20.32,22.25,657,13410.32,14552.46,60.08,65.78,125.86,8.52,1142.14,10,PROFIT_TARGET
JUFO.CA,2025-02-12,2025-02-13,34.7,37.109,387,13489.33,14296.53,60.43,64.63,125.06,5.98,807.2,1,PROFIT_TARGET
HRHO.CA,2025-02-12,2025-02-16,21.47,23.388,626,13500.7,14575.14,60.48,65.88,126.37,7.96,1074.44,2,PROFIT_TARGET
ESRS.CA,2025-02-04,2025-02-18,131.99,135.25,101,13390.98,13598.78,59.99,61.47,121.46,1.55,207.8,10,TIME_EXIT
HRHO.CA,2025-02-17,2025-02-19,22.67,24.903,606,13799.84,15023.05,61.82,67.91,129.73,8.86,1223.21,2,PROFIT_TARGET
ADIB.CA,2025-02-09,2025-02-23,39.17,40.79,344,13535.12,13968.62,60.64,63.14,123.78,3.2,433.5,10,TIME_EXIT
SKPC.CA,2025-02-09,2025-02-23,20.14,20.263,669,13534.29,13495.27,60.63,61.0,121.63,-0.29,-39.02,10,TIME_EXIT
JUFO.CA,2025-02-17,2025-03-03,35.42,34.949,387,13769.22,13464.46,61.68,60.86,122.55,-2.21,-304.77,10,TIME_EXIT
SWDY.CA,2025-02-17,2025-03-03,77.89,79.813,176,13770.33,13983.88,61.69,63.21,124.9,1.55,213.56,10,TIME_EXIT
ESRS.CA,2025-02-20,2025-03-06,135.53,138.44,102,13886.27,14057.34,62.21,63.54,125.75,1.23,171.07,10,TIME_EXIT
PHDC.CA,2025-02-20,2025-03-06,6.56,6.54,2115,13936.83,13769.86,62.43,62.24,124.68,-1.2,-166.98,10,TIME_EXIT
ADIB.CA,2025-02-25,2025-03-11,41.48,40.99,334,13916.66,13629.05,62.34,61.61,123.95,-2.07,-287.61,10,TIME_EXIT
TMGH.CA,2025-03-02,2025-03-16,53.03,53.564,260,13849.85,13864.09,62.05,62.67,124.72,0.1,14.25,10,TIME_EXIT
SKPC.CA,2025-03-02,2025-03-16,21.5,21.639,641,13843.52,13808.03,62.02,62.42,124.43,-0.26,-35.49,10,TIME_EXIT
FWRY.CA,2025-03-10,2025-03-16,8.33,9.14,1661,13898.39,15113.22,62.26,68.32,130.58,8.74,1214.83,4,PROFIT_TARGET
PHDC.CA,2025-03-10,2025-03-18,6.61,7.2,2094,13903.63,15008.95,62.29,67.85,130.13,7.95,1105.33,6,PROFIT_TARGET
ESRS.CA,2025-03-10,2025-03-24,132.91,132.91,104,13884.84,13760.44,62.2,62.2,124.4,-0.9,-124.4,10,TIME_EXIT
SKPC.CA,2025-03-18,2025-03-24,21.91,20.013,647,14239.56,12890.43,63.79,58.27,122.06,-9.47,-1349.13,4,STOP_LOSS
ADIB.CA,2025-03-13,2025-03-27,42.28,42.98,330,14015.19,14119.57,62.79,63.83,126.61,0.74,104.39,10,TIME_EXIT
HRHO.CA,2025-03-13,2025-03-27,27.04,27.219,516,14015.43,13981.61,62.79,63.2,125.99,-0.24,-33.82,10,TIME_EXIT
SWDY.CA,2025-03-13,2025-03-27,80.52,78.846,173,13992.64,13578.91,62.68,61.38,124.07,-2.96,-413.73,10,TIME_EXIT
TMGH.CA,2025-03-18,2025-04-06,53.43,49.2,265,14222.67,12979.32,63.72,58.67,122.39,-8.74,-1243.35,9,STOP_LOSS
FWRY.CA,2025-03-23,2025-04-07,9.2,8.81,1522,14065.41,13348.48,63.01,60.34,123.35,-5.1,-716.93,7,STOP_LOSS
PHDC.CA,2025-03-26,2025-04-09,6.89,6.29,2020,13980.43,12648.62,62.63,57.18,119.81,-9.53,-1331.81,6,STOP_LOSS
FWRY.CA,2025-04-09,2025-04-14,8.77,9.6,1543,13593.0,14746.14,60.89,66.66,127.55,8.48,1153.14,3,PROFIT_TARGET
ADIB.CA,2025-04-06,2025-04-22,40.66,40.87,337,13764.08,13711.21,61.66,61.98,123.64,-0.38,-52.87,10,TIME_EXIT
FWRY.CA,2025-04-14,2025-04-23,9.47,10.2,1445,13745.73,14672.67,61.58,66.33,127.9,6.74,926.95,5,PROFIT_TARGET
HRHO.CA,2025-04-14,2025-05-04,27.94,28.406,490,13752.21,13856.47,61.61,62.64,124.24,0.76,104.27,10,TIME_EXIT
SKPC.CA,2025-04-14,2025-05-04,20.66,21.091,662,13738.47,13899.13,61.55,62.83,124.37,1.17,160.67,10,TIME_EXIT
ADIB.CA,2025-04-27,2025-05-07,41.26,38.87,334,13842.85,12924.16,62.01,58.42,120.44,-6.64,-918.7,7,STOP_LOSS
PHDC.CA,2025-04-27,2025-05-12,6.77,6.76,2040,13872.95,13728.34,62.15,62.06,124.21,-1.04,-144.6,10,TIME_EXIT
FWRY.CA,2025-04-27,2025-05-12,10.06,9.9,1373,13874.54,13531.53,62.16,61.17,123.32,-2.47,-343.0,10,TIME_EXIT
SWDY.CA,2025-04-30,2025-05-15,78.71,78.269,175,13836.23,13635.48,61.98,61.64,123.62,-1.45,-200.75,10,TIME_EXIT
COMI.CA,2025-04-30,2025-05-15,77.07,77.387,179,13857.61,13789.87,62.08,62.33,124.41,-0.49,-67.74,10,TIME_EXIT
HRHO.CA,2025-05-06,2025-05-20,28.1,29.99,494,13943.87,14748.38,62.47,66.67,129.13,5.77,804.51,10,PROFIT_TARGET
FWRY.CA,2025-05-14,2025-05-20,9.74,10.67,1400,13697.36,14870.78,61.36,67.22,128.58,8.57,1173.42,4,PROFIT_TARGET
PHDC.CA,2025-05-14,2025-05-26,6.82,7.36,1999,13694.53,14646.43,61.35,66.21,127.56,6.95,951.9,8,PROFIT_TARGET
ADIB.CA,2025-05-22,2025-05-26,41.29,20.945,335,13894.39,6985.0,62.24,31.57,93.82,-49.73,-6909.39,2,STOP_LOSS
TMGH.CA,2025-05-19,2025-05-28,51.4,54.824,265,13682.29,14463.11,61.29,65.38,126.67,5.71,780.81,7,PROFIT_TARGET
PHDC.CA,2025-05-27,2025-06-04,7.62,8.23,1742,13333.77,14272.14,59.73,64.51,124.25,7.04,938.37,6,PROFIT_TARGET
FWRY.CA,2025-05-22,2025-06-10,11.31,11.45,1223,13894.37,13940.33,62.24,63.02,125.26,0.33,45.96,10,TIME_EXIT
HRHO.CA,2025-05-27,2025-06-15,30.03,26.625,442,13332.99,11715.19,59.73,52.96,112.69,-12.13,-1617.8,10,STOP_LOSS
CICH.CA,2025-05-27,2025-06-15,5.74,5.7,2313,13336.36,13124.77,59.74,59.33,119.07,-1.59,-211.59,10,TIME_EXIT
SWDY.CA,2025-06-01,2025-06-17,79.0,74.419,168,13331.72,12446.13,59.72,56.26,115.98,-6.64,-885.6,9,STOP_LOSS
TMGH.CA,2025-06-12,2025-06-19,55.51,51.136,240,13382.35,12217.48,59.95,55.23,115.18,-8.7,-1164.87,5,STOP_LOSS
COMI.CA,2025-06-04,2025-06-23,80.21,75.404,166,13374.78,12460.79,59.92,56.33,116.24,-6.83,-913.99,10,TIME_EXIT
FWRY.CA,2025-06-12,2025-06-23,10.9,12.01,1224,13401.64,14634.09,60.04,66.15,126.19,9.2,1232.45,7,PROFIT_TARGET
PHDC.CA,2025-06-17,2025-06-23,7.57,8.22,1712,13018.16,14009.31,58.32,63.33,121.65,7.61,991.15,4,PROFIT_TARGET
CICH.CA,2025-06-17,2025-06-23,5.49,6.04,2361,13020.22,14196.27,58.33,64.17,122.5,9.03,1176.05,4,PROFIT_TARGET
TMGH.CA,2025-06-22,2025-06-29,52.04,56.669,252,13173.09,14216.22,59.01,64.26,123.28,7.92,1043.12,4,PROFIT_TARGET
CICH.CA,2025-06-25,2025-07-14,6.09,6.27,2192,13409.35,13681.99,60.07,61.85,121.92,2.03,272.64,10,TIME_EXIT
PHDC.CA,2025-06-25,2025-07-14,8.9,9.1,1500,13410.08,13588.58,60.08,61.43,121.5,1.33,178.5,10,TIME_EXIT
FWRY.CA,2025-06-25,2025-07-14,12.41,13.13,1076,13413.25,14064.3,60.09,63.58,123.66,4.85,651.06,10,TIME_EXIT
COMI.CA,2025-07-01,2025-07-17,80.5,85.754,165,13342.27,14085.78,59.77,63.67,123.44,5.57,743.51,10,TIME_EXIT
CICH.CA,2025-07-16,2025-07-20,6.2,7.01,2179,13570.59,15206.05,60.79,68.74,129.53,12.05,1635.46,2,PROFIT_TARGET
SKPC.CA,2025-07-07,2025-07-22,19.94,20.4,675,13520.07,13708.03,60.57,61.96,122.53,1.39,187.97,10,TIME_EXIT
TMGH.CA,2025-07-07,2025-07-22,55.66,54.047,241,13474.42,12966.7,60.36,58.61,118.98,-3.77,-507.72,10,TIME_EXIT
PHDC.CA,2025-07-16,2025-07-28,8.76,8.19,1542,13568.71,12572.15,60.79,56.83,117.62,-7.34,-996.56,7,STOP_LOSS
FWRY.CA,2025-07-16,2025-07-28,12.21,13.05,1106,13565.03,14368.35,60.77,64.95,125.72,5.92,803.32,7,PROFIT_TARGET
TMGH.CA,2025-07-27,2025-07-28,54.16,52.532,253,13764.14,13230.74,61.66,59.81,121.47,-3.88,-533.4,1,STOP_LOSS
CICH.CA,2025-07-21,2025-08-05,6.79,6.86,2025,13811.62,13828.99,61.87,62.51,124.39,0.13,17.36,10,TIME_EXIT
JUFO.CA,2025-07-21,2025-08-05,28.33,28.175,485,13801.88,13603.53,61.83,61.49,123.32,-1.44,-198.35,10,TIME_EXIT
SKPC.CA,2025-07-27,2025-08-10,19.95,20.18,687,13767.33,13801.27,61.68,62.39,124.06,0.25,33.95,10,TIME_EXIT
FWRY.CA,2025-07-30,2025-08-10,12.3,13.34,1100,13590.89,14607.97,60.89,66.03,126.92,7.48,1017.08,7,PROFIT_TARGET
JUFO.CA,2025-08-07,2025-08-20,28.7,26.536,473,13636.19,12494.97,61.09,56.48,117.57,-8.37,-1141.22,9,STOP_LOSS
SKPC.CA,2025-08-12,2025-08-20,19.89,19.3,688,13745.9,13218.65,61.58,59.75,121.33,-3.84,-527.25,6,STOP_LOSS
CICH.CA,2025-08-07,2025-08-21,6.86,6.92,1982,13657.7,13653.72,61.18,61.72,122.9,-0.03,-3.98,10,TIME_EXIT
TMGH.CA,2025-08-12,2025-08-26,55.73,53.728,245,13715.29,13104.12,61.44,59.24,120.68,-4.46,-611.17,10,STOP_LOSS
SWDY.CA,2025-08-12,2025-08-26,76.23,72.998,179,13706.57,13007.91,61.4,58.8,120.2,-5.1,-698.66,10,TIME_EXIT
FWRY.CA,2025-08-17,2025-08-31,13.18,13.32,1042,13795.36,13816.98,61.8,62.46,124.26,0.16,21.62,10,TIME_EXIT
CICH.CA,2025-08-25,2025-09-09,7.14,7.0,1889,13548.15,13163.5,60.69,59.5,120.2,-2.84,-384.66,10,TIME_EXIT
FWRY.CA,2025-09-02,2025-09-17,13.17,13.3,1017,13454.16,13465.23,60.27,60.87,121.14,0.08,11.07,10,TIME_EXIT
HRHO.CA,2025-09-02,2025-09-17,25.2,24.952,531,13441.42,13189.92,60.22,59.62,119.84,-1.87,-251.5,10,TIME_EXIT
CICH.CA,2025-09-11,2025-09-25,6.85,7.15,1958,13472.66,13936.7,60.36,63.0,123.35,3.44,464.05,10,TIME_EXIT
COMI.CA,2025-09-11,2025-09-25,93.1,92.921,144,13466.73,13320.43,60.33,60.21,120.54,-1.09,-146.3,10,TIME_EXIT
FWRY.CA,2025-09-21,2025-10-02,13.33,14.51,1004,13443.54,14502.48,60.22,65.56,125.78,7.88,1058.94,9,PROFIT_TARGET
TMGH.CA,2025-09-21,2025-10-05,53.89,56.619,248,13424.86,13978.26,60.14,63.19,123.33,4.12,553.4,10,TIME_EXIT
HRHO.CA,2025-09-21,2025-10-05,25.66,26.328,521,13429.02,13655.08,60.16,61.73,121.89,1.68,226.06,10,TIME_EXIT
JUFO.CA,2025-09-24,2025-10-07,27.27,29.346,493,13504.61,14402.45,60.5,65.1,125.6,6.65,897.85,9,PROFIT_TARGET
MFPC.CA,2025-09-24,2025-10-08,26.7,27.153,504,13517.36,13623.6,60.56,61.58,122.14,0.79,106.24,10,TIME_EXIT
COMI.CA,2025-09-29,2025-10-08,95.37,100.927,142,13603.48,14267.09,60.94,64.49,125.43,4.88,663.61,7,PROFIT_TARGET
CICH.CA,2025-09-29,2025-10-13,7.39,7.96,1835,13621.67,14540.87,61.02,65.73,126.75,6.75,919.2,9,PROFIT_TARGET
ADIB.CA,2025-10-02,2025-10-13,21.83,23.59,625,13705.15,14677.4,61.4,66.35,127.74,7.09,972.26,6,PROFIT_TARGET
FWRY.CA,2025-10-02,2025-10-19,14.35,14.36,951,13708.26,13594.91,61.41,61.45,122.86,-0.83,-113.35,10,TIME_EXIT
TMGH.CA,2025-10-07,2025-10-22,55.8,56.32,247,13844.62,13848.36,62.02,62.6,124.62,0.03,3.74,10,TIME_EXIT
SWDY.CA,2025-10-07,2025-10-22,73.7,75.644,187,13843.92,14081.7,62.02,63.65,125.67,1.72,237.78,10,TIME_EXIT
JUFO.CA,2025-10-21,2025-10-26,29.03,31.848,484,14113.75,15345.23,63.23,69.37,132.59,8.73,1231.48,3,PROFIT_TARGET
SKPC.CA,2025-10-16,2025-10-30,19.38,19.49,720,14016.39,13969.65,62.79,63.15,125.94,-0.33,-46.74,10,TIME_EXIT
PHDC.CA,2025-10-16,2025-10-30,7.67,7.86,1820,14022.22,14240.83,62.82,64.37,127.19,1.56,218.61,10,TIME_EXIT
CICH.CA,2025-10-16,2025-10-30,7.66,7.9,1822,14019.32,14329.03,62.8,64.77,127.58,2.21,309.7,10,TIME_EXIT
TMGH.CA,2025-10-26,2025-11-03,56.44,61.812,251,14230.19,15445.02,63.75,69.82,133.57,8.54,1214.83,6,PROFIT_TARGET
FWRY.CA,2025-10-21,2025-11-04,14.18,14.57,991,14115.62,14373.89,63.24,64.97,128.21,1.83,258.28,10,TIME_EXIT
TMGH.CA,2025-11-03,2025-11-05,61.32,68.461,230,14167.07,15675.13,63.47,70.86,134.32,10.64,1508.06,2,PROFIT_TARGET
SWDY.CA,2025-10-26,2025-11-09,75.8,80.444,187,14238.39,14975.37,63.79,67.69,131.48,5.18,736.99,10,PROFIT_TARGET
HRHO.CA,2025-10-29,2025-11-12,28.19,28.367,501,14186.74,14147.79,63.55,63.95,127.51,-0.27,-38.95,10,TIME_EXIT
AMOC.CA,2025-10-29,2025-11-12,6.84,6.535,2066,14195.03,13440.3,63.59,60.75,124.35,-5.32,-754.73,10,TIME_EXIT
PHDC.CA,2025-11-03,2025-11-17,8.04,8.36,1756,14181.77,14614.1,63.53,66.06,129.59,3.05,432.33,10,TIME_EXIT
CICH.CA,2025-11-03,2025-11-17,7.84,8.09,1801,14183.38,14504.52,63.54,65.57,129.1,2.26,321.15,10,TIME_EXIT
ADIB.CA,2025-11-11,2025-11-17,23.4,25.68,616,14479.26,15747.7,64.86,71.18,136.05,8.76,1268.43,4,PROFIT_TARGET
SKPC.CA,2025-11-06,2025-11-19,19.57,19.08,734,14429.02,13941.7,64.64,63.02,127.66,-3.38,-487.32,9,STOP_LOSS
FWRY.CA,2025-11-06,2025-11-20,15.25,15.3,942,14430.14,14347.74,64.64,64.86,129.5,-0.57,-82.4,10,TIME_EXIT
COMI.CA,2025-11-06,2025-11-20,103.56,101.041,138,14355.59,13880.91,64.31,62.75,127.06,-3.31,-474.68,10,TIME_EXIT
SWDY.CA,2025-11-11,2025-11-25,77.87,74.007,185,14470.78,13629.77,64.83,61.61,126.44,-5.81,-841.0,10,TIME_EXIT
TMGH.CA,2025-11-24,2025-11-30,71.0,76.196,201,14335.22,15246.49,64.22,68.92,133.14,6.36,911.27,4,PROFIT_TARGET
ADIB.CA,2025-11-19,2025-12-01,24.54,27.1,589,14519.1,15890.07,65.04,71.83,136.87,9.44,1370.97,8,PROFIT_TARGET
CICH.CA,2025-11-19,2025-12-03,8.06,8.0,1795,14532.8,14295.38,65.1,64.62,129.72,-1.63,-237.42,10,TIME_EXIT
PHDC.CA,2025-11-19,2025-12-03,8.14,8.1,1778,14538.05,14336.99,65.13,64.81,129.94,-1.38,-201.06,10,TIME_EXIT
COMI.CA,2025-12-02,2025-12-04,105.0,111.315,137,14449.73,15181.49,64.73,68.63,133.36,5.06,731.76,2,PROFIT_TARGET
FWRY.CA,2025-11-24,2025-12-08,15.0,16.05,955,14389.46,15258.77,64.46,68.97,133.44,6.04,869.31,10,PROFIT_TARGET
HELI.CA,2025-11-24,2025-12-08,3.5,3.474,4093,14389.96,14154.36,64.46,63.98,128.45,-1.64,-235.61,10,TIME_EXIT
CICH.CA,2025-12-07,2025-12-08,8.16,8.87,1802,14770.49,15911.81,66.17,71.93,138.1,7.73,1141.32,1,PROFIT_TARGET
ADIB.CA,2025-12-02,2025-12-10,26.43,28.91,547,14522.27,15742.61,65.06,71.16,136.22,8.4,1220.34,6,PROFIT_TARGET
TMGH.CA,2025-12-02,2025-12-16,73.6,75.309,196,14490.52,14694.12,64.92,66.42,131.34,1.41,203.6,10,TIME_EXIT
COMI.CA,2025-12-07,2025-12-18,108.0,96.285,136,14754.1,13035.88,66.1,58.93,125.02,-11.65,-1718.22,9,STOP_LOSS
PHDC.CA,2025-12-07,2025-12-21,8.51,8.3,1728,14771.45,14277.86,66.17,64.54,130.71,-3.34,-493.59,10,TIME_EXIT
FWRY.CA,2025-12-10,2025-12-24,16.03,16.3,929,14958.88,15074.56,67.01,68.14,135.16,0.77,115.67,10,TIME_EXIT
ADIB.CA,2025-12-10,2025-12-24,28.46,29.7,523,14951.56,15463.2,66.98,69.9,136.88,3.42,511.64,10,TIME_EXIT
CICH.CA,2025-12-10,2025-12-24,8.67,8.53,1718,14962.09,14588.59,67.03,65.95,132.97,-2.5,-373.49,10,TIME_EXIT
TMGH.CA,2025-12-18,2025-12-30,74.05,79.007,199,14802.26,15651.65,66.31,70.75,137.06,5.74,849.39,8,PROFIT_TARGET
SKPC.CA,2025-12-18,2026-01-04,19.28,15.64,765,14815.57,11910.76,66.37,53.84,120.21,-19.61,-2904.81,10,STOP_LOSS
FWRY.CA,2025-12-28,2026-01-04,16.04,15.51,928,14952.1,14328.51,66.98,64.77,131.75,-4.17,-623.59,4,STOP_LOSS
PHDC.CA,2025-12-23,2026-01-08,8.22,8.2,1802,14879.1,14709.91,66.66,66.49,133.15,-1.14,-169.19,10,TIME_EXIT
ADIB.CA,2025-12-28,2026-01-11,29.07,32.3,512,14950.82,16463.18,66.98,74.42,141.4,10.12,1512.36,8,PROFIT_TARGET
CICH.CA,2025-12-28,2026-01-13,8.94,8.77,1665,14952.08,14536.34,66.98,65.71,132.69,-2.78,-415.74,10,TIME_EXIT
TMGH.CA,2025-12-31,2026-01-14,79.08,76.256,189,15013.38,14347.5,67.26,64.86,132.11,-4.44,-665.88,8,STOP_LOSS
ADIB.CA,2026-01-12,2026-01-19,31.57,34.0,461,14619.26,15603.47,65.49,70.53,136.02,6.73,984.21,5,PROFIT_TARGET
TMGH.CA,2026-01-15,2026-01-19,75.13,81.758,191,14414.4,15545.55,64.57,70.27,134.85,7.85,1131.15,2,PROFIT_TARGET
SWDY.CA,2026-01-06,2026-01-21,76.35,82.198,189,14495.09,15465.49,64.94,69.91,134.84,6.69,970.41,10,PROFIT_TARGET
AMOC.CA,2026-01-06,2026-01-21,6.92,6.611,2086,14500.08,13728.44,64.96,62.06,127.02,-5.32,-771.64,10,TIME_EXIT
CICH.CA,2026-01-15,2026-01-21,8.37,9.06,1716,14427.55,15477.0,64.63,69.96,134.59,7.27,1049.45,4,PROFIT_TARGET
JUFO.CA,2026-01-15,2026-01-25,25.72,28.337,558,14416.34,15740.95,64.58,71.15,135.74,9.19,1324.6,6,PROFIT_TARGET
FWRY.CA,2026-01-12,2026-01-26,15.72,17.6,926,14622.23,16224.26,65.51,73.34,138.84,10.96,1602.04,10,PROFIT_TARGET
PHDC.CA,2026-01-12,2026-01-26,8.61,8.71,1691,14625.03,14662.33,65.52,66.28,131.8,0.26,37.3,10,TIME_EXIT
FWRY.CA,2026-01-28,2026-02-03,16.91,18.75,905,15372.42,16892.39,68.87,76.36,145.23,9.89,1519.97,3,PROFIT_TARGET
JUFO.CA,2026-01-28,2026-02-03,26.94,29.761,568,15370.78,16828.39,68.86,76.07,144.93,9.48,1457.61,3,PROFIT_TARGET
TMGH.CA,2026-01-20,2026-02-04,82.49,89.912,180,14915.02,16111.35,66.82,72.83,139.65,8.02,1196.34,10,PROFIT_TARGET
CICH.CA,2026-01-25,2026-02-04,9.75,10.7,1554,15219.68,16552.97,68.18,74.83,143.01,8.76,1333.29,7,PROFIT_TARGET
HRHO.CA,2026-01-25,2026-02-08,27.37,30.485,553,15203.72,16782.26,68.11,75.86,143.97,10.38,1578.54,9,PROFIT_TARGET
HELI.CA,2026-02-03,2026-02-08,3.46,3.614,4567,15872.93,16430.37,71.11,74.27,145.38,3.51,557.44,3,PROFIT_TARGET
SWDY.CA,2026-01-25,2026-02-09,78.0,76.868,194,15200.09,14845.34,68.09,67.11,135.2,-2.33,-354.76,10,TIME_EXIT
PHDC.CA,2026-01-28,2026-02-12,8.55,8.85,1790,15373.37,15770.21,68.87,71.29,140.16,2.58,396.84,10,TIME_EXIT
ADIB.CA,2026-02-11,2026-02-15,37.4,39.8,425,15966.53,16838.88,71.53,76.12,147.64,5.46,872.35,2,PROFIT_TARGET
JUFO.CA,2026-02-03,2026-02-17,29.25,28.683,540,15866.08,15419.27,71.08,69.7,140.78,-2.82,-446.81,10,TIME_EXIT
TMGH.CA,2026-02-11,2026-02-17,87.01,95.395,182,15907.08,17283.68,71.26,78.13,149.39,8.65,1376.6,4,PROFIT_TARGET
ADIB.CA,2026-02-16,2026-02-18,40.37,44.0,396,16058.46,17345.59,71.94,78.41,150.35,8.02,1287.13,2,PROFIT_TARGET
AMOC.CA,2026-02-08,2026-02-22,6.97,6.801,2301,16110.14,15579.18,72.17,70.42,142.59,-3.3,-530.96,10,TIME_EXIT
CICH.CA,2026-02-16,2026-02-25,11.19,10.1,1430,16073.71,14378.01,72.01,64.99,137.0,-10.55,-1695.7,7,STOP_LOSS
TMGH.CA,2026-02-19,2026-03-01,90.05,84.968,180,16281.94,15225.41,72.94,68.82,141.76,-6.49,-1056.53,6,STOP_LOSS
PHDC.CA,2026-02-16,2026-03-02,9.28,8.85,1725,16080.04,15197.55,72.04,68.7,140.73,-5.49,-882.48,10,STOP_LOSS
HRHO.CA,2026-02-24,2026-03-02,28.0,26.13,572,16088.07,14879.03,72.07,67.26,139.33,-7.52,-1209.04,4,STOP_LOSS
ADIB.CA,2026-02-19,2026-03-03,41.81,38.5,388,16295.28,14870.78,73.0,67.22,140.22,-8.74,-1424.5,8,STOP_LOSS
TMGH.CA,2026-03-01,2026-03-03,83.51,77.751,184,15434.99,14241.82,69.15,64.38,133.52,-7.73,-1193.17,2,STOP_LOSS
SWDY.CA,2026-02-19,2026-03-05,78.45,76.349,206,16233.42,15657.12,72.72,70.78,143.5,-3.55,-576.3,10,TIME_EXIT
AMOC.CA,2026-02-24,2026-03-08,7.1,8.38,2256,16089.68,18820.75,72.08,85.08,157.16,16.97,2731.08,8,PROFIT_TARGET
SKPC.CA,2026-03-01,2026-03-08,16.47,19.25,935,15468.75,17917.76,69.3,80.99,150.29,15.83,2449.01,5,PROFIT_TARGET
FWRY.CA,2026-02-24,2026-03-10,18.36,17.9,872,16081.96,15538.56,72.04,70.24,142.28,-3.38,-543.4,10,TIME_EXIT
ADIB.CA,2026-03-04,2026-03-11,37.0,41.0,412,15312.6,16815.99,68.6,76.01,144.61,9.82,1503.39,5,PROFIT_TARGET
COMI.CA,2026-03-01,2026-03-15,127.05,113.221,121,15442.23,13638.07,69.18,61.65,130.83,-11.68,-1804.16,10,STOP_LOSS
SKPC.CA,2026-03-09,2026-03-18,18.37,17.1,853,15740.12,14520.66,70.51,65.64,136.15,-7.75,-1219.46,7,STOP_LOSS
SWDY.CA,2026-03-09,2026-03-25,75.91,76.663,206,15707.83,15721.41,70.37,71.07,141.43,0.09,13.58,10,TIME_EXIT
MFPC.CA,2026-03-09,2026-03-25,38.19,40.375,410,15728.36,16479.15,70.46,74.49,144.95,4.77,750.79,10,TIME_EXIT
CICH.CA,2026-03-12,2026-03-30,10.78,10.3,1481,16037.02,15185.66,71.84,68.64,140.49,-5.31,-851.37,10,TIME_EXIT
ADIB.CA,2026-03-12,2026-03-30,38.21,38.11,417,16005.27,15820.36,71.7,71.51,143.21,-1.16,-184.91,10,TIME_EXIT
AMOC.CA,2026-03-17,2026-04-02,8.59,8.076,1838,15859.47,14776.62,71.05,66.8,137.84,-6.83,-1082.84,10,TIME_EXIT
SKPC.CA,2026-03-24,2026-04-07,17.27,17.84,918,15925.2,16303.42,71.34,73.7,145.04,2.37,378.22,10,TIME_EXIT
ADIB.CA,2026-04-06,2026-04-09,40.44,43.55,385,15639.46,16691.3,70.06,75.45,145.51,6.73,1051.84,3,PROFIT_TARGET
MFPC.CA,2026-04-06,2026-04-14,39.02,41.306,399,15639.04,16406.91,70.06,74.16,144.23,4.91,767.87,4,PROFIT_TARGET
FWRY.CA,2026-04-09,2026-04-16,18.29,19.88,862,15836.93,17059.44,70.95,77.11,148.06,7.72,1222.52,3,PROFIT_TARGET
TMGH.CA,2026-04-09,2026-04-19,83.61,93.052,188,15789.41,17415.07,70.73,78.72,149.46,10.3,1625.65,4,PROFIT_TARGET
SWDY.CA,2026-04-06,2026-04-22,77.8,80.287,200,15630.02,15985.23,70.02,72.26,142.28,2.27,355.21,10,TIME_EXIT
JUFO.CA,2026-04-16,2026-04-26,26.87,29.257,598,16140.57,17416.92,72.31,78.73,151.04,7.91,1276.35,6,PROFIT_TARGET
ADIB.CA,2026-04-09,2026-04-27,43.1,44.75,366,15845.59,16304.8,70.99,73.7,144.69,2.9,459.21,10,TIME_EXIT
SKPC.CA,2026-04-16,2026-04-27,16.93,18.4,949,16138.87,17383.02,72.3,78.58,150.88,7.71,1244.15,7,PROFIT_TARGET
AMOC.CA,2026-04-21,2026-04-27,7.68,8.35,2100,16200.58,17456.09,72.58,78.91,151.48,7.75,1255.52,4,PROFIT_TARGET
SWDY.CA,2026-04-26,2026-04-28,80.25,85.529,204,16444.67,17369.38,73.67,78.52,152.19,5.62,924.71,2,PROFIT_TARGET
FWRY.CA,2026-04-16,2026-04-30,19.66,19.07,817,16134.5,15510.08,72.28,70.11,142.39,-3.87,-624.42,10,TIME_EXIT
ADIB.CA,2026-04-29,2026-05-03,43.7,47.9,381,16724.62,18167.78,74.92,82.12,157.05,8.63,1443.15,2,PROFIT_TARGET
HRHO.CA,2026-04-21,2026-05-05,27.02,28.703,597,16203.53,17058.74,72.59,77.11,149.7,5.28,855.22,10,TIME_EXIT
SKPC.CA,2026-04-29,2026-05-06,18.06,17.24,923,16744.39,15840.91,75.01,71.61,146.62,-5.4,-903.48,5,STOP_LOSS
COMI.CA,2026-05-04,2026-05-10,134.9,143.51,124,16802.87,17715.16,75.27,80.08,155.35,5.43,912.29,4,PROFIT_TARGET
FWRY.CA,2026-05-04,2026-05-10,19.17,21.25,873,16810.72,18467.77,75.31,83.48,158.79,9.86,1657.05,4,PROFIT_TARGET
CICH.CA,2026-04-29,2026-05-11,11.03,12.25,1512,16752.41,18438.65,75.05,83.35,158.4,10.07,1686.24,8,PROFIT_TARGET
ADIB.CA,2026-05-04,2026-05-13,45.69,49.6,366,16797.79,18071.91,75.25,81.69,156.94,7.59,1274.12,7,PROFIT_TARGET
COMI.CA,2026-05-12,2026-05-17,138.84,133.0,123,17154.17,16285.38,76.85,73.62,150.46,-5.06,-868.78,3,STOP_LOSS
TMGH.CA,2026-05-12,2026-05-17,96.3,92.404,178,17218.54,16373.92,77.14,74.02,151.15,-4.91,-844.61,3,STOP_LOSS
HRHO.CA,2026-05-12,2026-05-18,28.42,26.734,605,17271.47,16101.07,77.37,72.78,150.16,-6.78,-1170.4,4,STOP_LOSS
AMOC.CA,2026-05-17,2026-05-24,8.75,8.25,1946,17104.12,15982.25,76.62,72.25,148.87,-6.56,-1121.87,5,STOP_LOSS
FWRY.CA,2026-05-20,2026-05-25,19.03,20.45,884,16898.22,17996.45,75.7,81.35,157.05,6.5,1098.23,3,PROFIT_TARGET
COMI.CA,2026-05-17,2026-06-01,133.0,131.75,128,17100.61,16788.11,76.61,75.89,152.5,-1.83,-312.5,10,TIME_EXIT
SKPC.CA,2026-05-17,2026-06-01,17.53,17.28,971,17098.23,16703.38,76.6,75.5,152.1,-2.31,-394.85,10,TIME_EXIT
HELI.CA,2026-05-28,2026-06-02,6.34,6.79,2607,16602.76,17621.87,74.38,79.66,154.03,6.14,1019.12,2,PROFIT_TARGET
TMGH.CA,2026-05-20,2026-06-04,96.98,96.4,173,16853.04,16602.15,75.5,75.05,150.55,-1.49,-250.89,10,TIME_EXIT
CICH.CA,2026-05-20,2026-06-04,12.28,12.42,1370,16899.31,16938.83,75.71,76.57,152.28,0.23,39.52,10,TIME_EXIT
JUFO.CA,2026-05-25,2026-06-04,27.76,29.9,608,16954.03,18097.39,75.95,81.81,157.76,6.74,1143.36,7,PROFIT_TARGET
FWRY.CA,2026-05-25,2026-06-07,20.18,18.7,837,16966.67,15581.47,76.01,70.43,146.44,-8.16,-1385.2,8,STOP_LOSS
MFPC.CA,2026-05-25,2026-06-09,43.43,42.15,389,16970.29,16322.57,76.02,73.78,149.81,-3.82,-647.73,10,TIME_EXIT
ADIB.CA,2026-05-28,2026-06-11,46.91,44.1,360,16963.59,15804.56,75.99,71.44,147.44,-6.83,-1159.04,9,STOP_LOSS
AMOC.CA,2026-06-03,2026-06-11,8.31,7.95,2045,17070.42,16184.59,76.47,73.16,149.63,-5.19,-885.83,6,STOP_LOSS
SWDY.CA,2026-06-03,2026-06-11,88.5,84.41,190,16890.67,15965.73,75.67,72.17,147.84,-5.48,-924.94,6,STOP_LOSS
PHDC.CA,2026-05-28,2026-06-14,14.97,15.71,1130,16992.22,17672.41,76.12,79.89,156.01,4.0,680.19,10,TIME_EXIT
HELI.CA,2026-06-03,2026-06-17,6.49,6.4,2618,17067.28,16679.8,76.46,75.4,151.86,-2.27,-387.48,10,TIME_EXIT
TMGH.CA,2026-06-08,2026-06-22,95.85,97.0,174,16752.95,16802.05,75.05,75.95,151.0,0.29,49.1,10,TIME_EXIT
JUFO.CA,2026-06-08,2026-06-22,29.82,31.8,562,16834.25,17791.18,75.41,80.42,155.84,5.68,956.92,10,TIME_EXIT
ADIB.CA,2026-06-16,2026-06-23,47.39,45.7,351,16708.74,15968.52,74.85,72.18,147.04,-4.43,-740.23,5,STOP_LOSS
COMI.CA,2026-06-21,2026-06-24,135.92,132.1,122,16656.86,16043.68,74.62,72.52,147.14,-3.68,-613.18,3,STOP_LOSS
PHDC.CA,2026-06-21,2026-06-28,15.65,14.65,1067,16773.69,15561.21,75.14,70.34,145.49,-7.23,-1212.49,5,STOP_LOSS
JUFO.CA,2026-06-24,2026-06-29,30.54,29.25,541,16596.49,15753.04,74.35,71.21,145.56,-5.08,-843.45,3,STOP_LOSS
SWDY.CA,2026-06-16,2026-06-30,85.41,86.01,195,16729.9,16696.48,74.95,75.47,150.42,-0.2,-33.42,10,TIME_EXIT
HRHO.CA,2026-06-16,2026-06-30,27.35,26.7,609,16731.1,16187.13,74.95,73.17,148.12,-3.25,-543.97,10,TIME_EXIT
HELI.CA,2026-06-21,2026-07-05,6.49,6.64,2575,16786.95,17021.06,75.2,76.94,152.14,1.39,234.11,10,TIME_EXIT
TMGH.CA,2026-06-24,2026-07-08,94.43,97.79,175,16599.61,17036.24,74.36,77.01,151.37,2.63,436.63,10,TIME_EXIT
CICH.CA,2026-06-24,2026-07-08,11.95,11.89,1383,16601.22,16369.87,74.37,74.0,148.37,-1.39,-231.35,10,TIME_EXIT
PHDC.CA,2026-06-29,2026-07-13,14.44,14.85,1119,16231.07,16542.37,72.71,74.78,147.49,1.92,311.3,10,TIME_EXIT
HRHO.CA,2026-07-07,2026-07-15,27.09,26.35,607,16517.63,15922.48,74.0,71.98,145.97,-3.6,-595.15,6,STOP_LOSS
JUFO.CA,2026-07-12,2026-07-20,30.23,28.8,539,16367.29,15453.35,73.32,69.85,143.18,-5.58,-913.95,6,STOP_LOSS
SWDY.CA,2026-07-07,2026-07-21,88.89,91.9,185,16518.65,16924.99,74.0,76.51,150.51,2.46,406.34,10,TIME_EXIT
COMI.CA,2026-07-07,2026-07-21,136.24,139.97,120,16422.37,16720.82,73.57,75.58,149.15,1.82,298.45,10,TIME_EXIT
TMGH.CA,2026-07-12,2026-07-26,96.01,98.8,169,16298.71,16622.06,73.02,75.14,148.15,1.98,323.36,10,TIME_EXIT
ADIB.CA,2026-07-12,2026-07-26,46.39,49.12,351,16356.16,17163.53,73.27,77.59,150.86,4.94,807.37,10,TIME_EXIT
AMOC.CA,2026-07-15,2026-07-29,8.1,8.33,2021,16443.77,16759.17,73.67,75.76,149.42,1.92,315.41,10,TIME_EXIT
PHDC.CA,2026-07-15,2026-07-29,15.03,14.61,1089,16441.32,15838.69,73.65,71.6,145.25,-3.67,-602.63,10,TIME_EXIT
SWDY.CA,2026-07-28,2026-08-04,94.63,109.02,173,16444.66,18775.59,73.67,84.87,158.54,14.17,2330.93,5,PROFIT_TARGET
COMI.CA,2026-07-28,2026-08-11,140.23,139.0,116,16339.88,16051.44,73.2,72.56,145.76,-1.77,-288.44,10,TIME_EXIT
TMGH.CA,2026-07-28,2026-08-11,98.95,97.9,165,16400.22,16080.81,73.47,72.69,146.16,-1.95,-319.41,10,TIME_EXIT
AMOC.CA,2026-08-05,2026-08-13,9.09,10.3,1836,16764.34,18825.7,75.1,85.1,160.2,12.3,2061.36,6,PROFIT_TARGET
FWRY.CA,2026-08-02,2026-08-13,19.0,19.01,862,16451.7,16312.88,73.7,73.74,147.44,-0.84,-138.82,9,TERMINAL_CLOSE
CICH.CA,2026-08-02,2026-08-13,12.45,12.62,1316,16457.93,16533.18,73.73,74.74,148.46,0.46,75.26,9,TERMINAL_CLOSE
PHDC.CA,2026-08-05,2026-08-13,15.3,15.29,1091,16767.42,16606.32,75.12,75.07,150.18,-0.96,-161.09,6,TERMINAL_CLOSE
HELI.CA,2026-08-05,2026-08-13,8.19,7.85,2038,16766.33,15926.31,75.11,71.99,147.1,-5.01,-840.02,6,TERMINAL_CLOSE
SKPC.CA,2026-08-10,2026-08-13,16.59,16.6,1002,16697.98,16558.35,74.8,74.85,149.65,-0.84,-139.63,3,TERMINAL_CLOSE
HRHO.CA,2026-08-10,2026-08-13,27.26,26.66,610,16703.43,16189.42,74.83,73.18,148.01,-3.08,-514.01,3,TERMINAL_CLOSE
COMI.CA,2026-08-13,2026-08-13,138.56,139.27,119,16562.84,16498.55,74.2,74.58,148.78,-0.39,-64.29,0,TERMINAL_CLOSE
TMGH.CA,2026-08-13,2026-08-13,97.09,97.8,171,16677.1,16648.54,74.71,75.26,149.97,-0.17,-28.56,0,TERMINAL_CLOSE
SWDY.CA,2026-08-13,2026-08-13,106.51,107.53,156,16690.33,16699.19,74.77,75.49,150.26,0.05,8.86,0,TERMINAL_CLOSE
