SHA,Date,Author,Message,Files_Changed,Impact,Risk,Status
4316b47e3faddb3235225b4cce790ecf14ad7c22,2026-08-18 03:23:42 +0300,ghalimina,docs(forward): add daily and weekly forward validation reports,GEN26_DAILY_FORWARD_REPORT.md; GEN26_WEEKLY_FORWARD_VALIDATION.md; scratch/generate_forward_reports.py,General maintenance,LOW,VERIFIED
1c5369dcf3ea53adbe77e3f58a33db3848c5a7fc,2026-08-18 03:20:43 +0300,ghalimina,"docs(audit): final freeze snapshot, gap audit, and master status report",GEN26_FINAL_FREEZE_SNAPSHOT.json; GEN26_FINAL_MASTER_STATUS.md; GEN26_FINAL_STATUS.json; scratch/execute_final_freeze.py,General maintenance,LOW,VERIFIED
0eebc7209d06c405021471539a9c931e468b2eea,2026-08-17 12:00:48 +0000,github-actions[bot],chore(v42): intelligence report 2026-08-17,research_v42/reports/v42_ranking_latest.json,Autonomous GitHub Actions daily paper & intelligence artifacts,LOW,ACTIVE_CRON
957478e854dcdf14117cef5fe0920355b8ae63de,2026-08-17 07:34:03 +0000,github-actions[bot],chore(v42): intelligence report 2026-08-17,research_v42/reports/v42_ranking_latest.json,Autonomous GitHub Actions daily paper & intelligence artifacts,LOW,ACTIVE_CRON
98089cbd62c39a6f439726766b930b1421eb539d,2026-08-17 02:27:17 +0000,github-actions[bot],chore(v42): intelligence report 2026-08-17,research_v42/reports/v42_ranking_latest.json,Autonomous GitHub Actions daily paper & intelligence artifacts,LOW,ACTIVE_CRON
15167bf5094c5bffa37049a70382ff0ca97de506,2026-08-17 05:23:38 +0300,ghalimina,docs: V42 forward validation and remediation master report,V42_BREAK_EVEN_CANONICAL.csv; V42_BREAK_EVEN_CANONICAL.json; V42_FINAL_ISSUES.csv; V42_FINAL_REGRESSION.csv; V42_FINAL_TEST_RESULTS.json; V42_FORWARD_METRICS.csv; V42_FORWARD_OUTCOMES.csv; V42_FORWARD_PREDICTIONS.csv; V42_GITHUB_RESULTS.csv; V42_PAPER_FORWARD_STATUS.csv,"Reconciled Break-Even (1.2581% RT), Paper (0/30), Forward Validation",LOW,CANONICAL_LOCKED
be9bb2a180fd53c366ae253df943f586256d361b,2026-08-17 02:21:08 +0000,github-actions[bot],chore(v42): intelligence report 2026-08-17,research_v42/reports/v42_ranking_latest.json,Autonomous GitHub Actions daily paper & intelligence artifacts,LOW,ACTIVE_CRON
a3a467e3dd6ff914d846f7b59e5a600cdb2526d3,2026-08-17 05:18:02 +0300,ghalimina,docs: V42 stabilization and validation master reports,GEN26_V42_TEST_RESULTS.json; V42_ABLATION_RESULTS.csv; V42_BREAK_EVEN_FINAL.csv; V42_BREAK_EVEN_FINAL.md; V42_CALIBRATION_RESULTS.csv; V42_COST_RESULTS.csv; V42_MONTE_CARLO_RESULTS.csv; V42_OOS_RESULTS.csv; V42_PAPER_TRUTH.csv; V42_PAPER_TRUTH.md,"Reconciled Break-Even (1.2581% RT), Paper (0/30), Forward Validation",LOW,CANONICAL_LOCKED
ef58673083f60417c3b290a2c040184f2989164b,2026-08-17 01:55:26 +0000,github-actions[bot],chore(v42): intelligence report 2026-08-17,research_v42/reports/v42_ranking_latest.json,Autonomous GitHub Actions daily paper & intelligence artifacts,LOW,ACTIVE_CRON
2d1db2f023fd642736759aaa94e27ebe715fd788,2026-08-17 04:51:44 +0300,ghalimina,feat: V42 intelligence engine (research/shadow) + fix headless_runner + config.py + workflow update,.github/workflows/v42_daily_engine.yml; FINAL_BASELINE_COMPARISON.csv; FINAL_CALIBRATION_REPORT.csv; FINAL_COST_SENSITIVITY.csv; FINAL_DAILY_RECONCILIATION.csv; FINAL_DRIFT_REPORT.csv; FINAL_EQUITY_RECONCILIATION.csv; FINAL_FORENSIC_AUDIT_RESULTS.json; FINAL_ISSUES.md; FINAL_ISSUES_FOUND.md,Built V42 Intelligence Research Engine (Shadow layer),MEDIUM,FROZEN_SHADOW
b3c7e8b111c3865f4e6ffff6c8088a13eedd0881,2026-08-17 02:53:00 +0300,ghalimina,ci: idempotency rerun test,,General maintenance,LOW,VERIFIED
dfd5e18971d2a466cdc003d625cc4b4312e71349,2026-08-16 23:52:35 +0000,github-actions[bot],chore(auto): update daily paper trading journal and snapshots,gen_daily_ranking.csv; gen_decision_log.csv; gen_exit_orders.csv; gen_fx_stress_test.csv; gen_portfolio_state.csv; gen_trade_orders.csv,Autonomous GitHub Actions daily paper & intelligence artifacts,LOW,ACTIVE_CRON
43d6e4b2f71cc84189b62f1b096ff6770e442dd5,2026-08-17 02:50:22 +0300,ghalimina,fix: update headless runner to use new app.run_engine_pipeline unpack,headless_runner.py,Restored headless runner execution for GitHub Actions,HIGH,REPAIRED
427c0cb9d2572acf4e447de1ef845f8edaa44afa,2026-08-17 02:44:26 +0300,ghalimina,ci: add push trigger for testing,.github/workflows/egx_daily_run.yml,General maintenance,LOW,VERIFIED
ac745904f080afe6fbbbf081404cb2be7cd3ccdf,2026-08-17 02:43:38 +0300,ghalimina,ci: fix github actions requirements and node version,.github/workflows/egx_daily_run.yml; requirements.txt,General maintenance,LOW,VERIFIED
14cf06ad79a44d633473996f4358d83f99b0a681,2026-08-14 18:31:01 +0300,ghalimina,Initial Production Commit - Gen-26 v3.0,.agents/skills/developing-with-streamlit; .github/workflows/egx_daily_run.yml; .vscode/settings.json; FINAL_BASELINE_COMPARISON.csv; FINAL_CALIBRATION_REPORT.csv; FINAL_COST_SENSITIVITY.csv; FINAL_DAILY_RECONCILIATION.csv; FINAL_DRIFT_REPORT.csv; FINAL_EQUITY_RECONCILIATION.csv; FINAL_FORENSIC_AUDIT_RESULTS.json,General maintenance,LOW,VERIFIED
