Path,Size_Bytes,Classification,Active_Runtime,Purpose
00_START_GEN26_SYSTEM.bat,478,LEGACY,NO,Local Batch Launchers
allocation_logic.txt,3304,LEGACY,NO,Legacy utility or cache
app.py,117716,ACTIVE,YES,Main Streamlit Dashboard & Decision Builder & Risk Gates
CHANGELOG.md,369,OUTPUT,YES,"Reports, Data Artifacts & Backtest State"
config.py,738,CONFIG,YES,"Global Constants (Fee rates, slippage, thresholds)"
daily_paper_trade_logger.py,19054,LEGACY,NO,Legacy utility or cache
defs.txt,2269,LEGACY,NO,Legacy utility or cache
egx_cib_lstm_engine.py,12527,LEGACY,NO,Legacy utility or cache
egx_fundamentals_builder.py,3132,LEGACY,NO,Legacy utility or cache
egx_screener.py,15877,LEGACY,NO,Legacy utility or cache
execution_status.json,59,OUTPUT,YES,"Reports, Data Artifacts & Backtest State"
GEN26_CURRENT_STATE_MASTER.md,2117,OUTPUT,YES,"Reports, Data Artifacts & Backtest State"
GEN26_CURRENT_TRUTH.csv,704,OUTPUT,YES,"Reports, Data Artifacts & Backtest State"
GEN26_DAILY_FORWARD_REPORT.md,3221,OUTPUT,YES,"Reports, Data Artifacts & Backtest State"
GEN26_FINAL_FREEZE_SNAPSHOT.json,2829,OUTPUT,YES,"Reports, Data Artifacts & Backtest State"
GEN26_FINAL_MASTER_STATUS.md,12091,OUTPUT,YES,"Reports, Data Artifacts & Backtest State"
GEN26_FINAL_STATUS.json,1864,OUTPUT,YES,"Reports, Data Artifacts & Backtest State"
GEN26_GIT_FORENSIC.csv,5034,OUTPUT,YES,"Reports, Data Artifacts & Backtest State"
GEN26_MASTER_INVENTORY_REPORT.md,41563,OUTPUT,YES,"Reports, Data Artifacts & Backtest State"
GEN26_V42_TEST_RESULTS.json,1963,OUTPUT,YES,"Reports, Data Artifacts & Backtest State"
GEN26_WEEKLY_FORWARD_VALIDATION.md,3290,OUTPUT,YES,"Reports, Data Artifacts & Backtest State"
gen_daily_ranking.csv,5585,OUTPUT,YES,"Reports, Data Artifacts & Backtest State"
gen_decision_log.csv,5677,OUTPUT,YES,"Reports, Data Artifacts & Backtest State"
gen_decision_log.json,38186,OUTPUT,YES,"Reports, Data Artifacts & Backtest State"
gen_exit_orders.csv,5,OUTPUT,YES,"Reports, Data Artifacts & Backtest State"
gen_fx_stress_test.csv,567,OUTPUT,YES,"Reports, Data Artifacts & Backtest State"
gen_portfolio_state.csv,2201,OUTPUT,YES,"Reports, Data Artifacts & Backtest State"
gen_trade_orders.csv,3543,OUTPUT,YES,"Reports, Data Artifacts & Backtest State"
headless_runner.py,3605,ACTIVE,YES,GitHub Actions Headless Paper Trading Runner
market_data_provider.py,6477,ACTIVE,YES,Yahoo Finance EOD/Delayed Data Ingestion
MASTER_ARTIFACT_INDEX.csv,406,OUTPUT,YES,"Reports, Data Artifacts & Backtest State"
MASTER_COMPLETE_TEST_RESULTS.json,391,OUTPUT,YES,"Reports, Data Artifacts & Backtest State"
MASTER_ULTIMATE_ARTIFACT_INDEX.csv,608,OUTPUT,YES,"Reports, Data Artifacts & Backtest State"
MASTER_ULTIMATE_TEST_RESULTS_V41.json,1634,OUTPUT,YES,"Reports, Data Artifacts & Backtest State"
my_portfolio.json,998,OUTPUT,YES,"Reports, Data Artifacts & Backtest State"
paper_no_trade_log.csv,534,OUTPUT,YES,"Reports, Data Artifacts & Backtest State"
PAPER_SESSION_SUMMARY.csv,286,OUTPUT,YES,"Reports, Data Artifacts & Backtest State"
paper_trading_journal.json,1778,OUTPUT,YES,"Reports, Data Artifacts & Backtest State"
predictions_history.json,265833,OUTPUT,YES,"Reports, Data Artifacts & Backtest State"
requirements.txt,142,CONFIG,YES,Python Runtime Dependencies
run_bt.py,764,LEGACY,NO,Legacy utility or cache
session_manager.py,4063,ACTIVE,YES,Authoritative Paper Session Counter & Idempotency Gate
settings.json,402,OUTPUT,YES,"Reports, Data Artifacts & Backtest State"
shadow_predictions_log.csv,7156,OUTPUT,YES,"Reports, Data Artifacts & Backtest State"
show_my_results.py,6701,LEGACY,NO,Legacy utility or cache
system_full_audit.py,41683,LEGACY,NO,Legacy utility or cache
telemetry_tracker.py,7510,LEGACY,NO,Legacy utility or cache
V42_ABLATION_RESULTS.csv,326,OUTPUT,YES,"Reports, Data Artifacts & Backtest State"
V42_BREAK_EVEN_CANONICAL.csv,57,OUTPUT,YES,"Reports, Data Artifacts & Backtest State"
V42_BREAK_EVEN_CANONICAL.json,81,OUTPUT,YES,"Reports, Data Artifacts & Backtest State"
V42_BREAK_EVEN_FINAL.csv,29150,OUTPUT,YES,"Reports, Data Artifacts & Backtest State"
V42_BREAK_EVEN_FINAL.md,1650,OUTPUT,YES,"Reports, Data Artifacts & Backtest State"
V42_CALIBRATION_RESULTS.csv,371,OUTPUT,YES,"Reports, Data Artifacts & Backtest State"
V42_COST_RESULTS.csv,297,OUTPUT,YES,"Reports, Data Artifacts & Backtest State"
V42_FINAL_ISSUES.csv,267,OUTPUT,YES,"Reports, Data Artifacts & Backtest State"
V42_FINAL_REGRESSION.csv,138,OUTPUT,YES,"Reports, Data Artifacts & Backtest State"
V42_FINAL_TEST_RESULTS.json,224,OUTPUT,YES,"Reports, Data Artifacts & Backtest State"
V42_FORWARD_METRICS.csv,458,OUTPUT,YES,"Reports, Data Artifacts & Backtest State"
V42_FORWARD_OUTCOMES.csv,13052,OUTPUT,YES,"Reports, Data Artifacts & Backtest State"
V42_FORWARD_PREDICTIONS.csv,20560,OUTPUT,YES,"Reports, Data Artifacts & Backtest State"
V42_GITHUB_RESULTS.csv,275,OUTPUT,YES,"Reports, Data Artifacts & Backtest State"
V42_MONTE_CARLO_RESULTS.csv,121,OUTPUT,YES,"Reports, Data Artifacts & Backtest State"
V42_OOS_RESULTS.csv,486,OUTPUT,YES,"Reports, Data Artifacts & Backtest State"
V42_PAPER_FORWARD_STATUS.csv,78,OUTPUT,YES,"Reports, Data Artifacts & Backtest State"
V42_PAPER_TRUTH.csv,107,OUTPUT,YES,"Reports, Data Artifacts & Backtest State"
V42_PAPER_TRUTH.md,1624,OUTPUT,YES,"Reports, Data Artifacts & Backtest State"
V42_REGIME_RESULTS.csv,198,OUTPUT,YES,"Reports, Data Artifacts & Backtest State"
V42_REMEDIATION_AND_FORWARD_VALIDATION_MASTER_REPORT.md,5671,OUTPUT,YES,"Reports, Data Artifacts & Backtest State"
V42_REMEDIATION_BASELINE.json,727,OUTPUT,YES,"Reports, Data Artifacts & Backtest State"
V42_ROBUSTNESS_RESULTS.csv,107,OUTPUT,YES,"Reports, Data Artifacts & Backtest State"
V42_SECURITY_RESULTS.csv,154,OUTPUT,YES,"Reports, Data Artifacts & Backtest State"
V42_SHUFFLE_RESULTS.csv,264,OUTPUT,YES,"Reports, Data Artifacts & Backtest State"
V42_STABILIZATION_BASELINE.json,806,OUTPUT,YES,"Reports, Data Artifacts & Backtest State"
V42_STABILIZATION_MASTER_REPORT.md,5048,OUTPUT,YES,"Reports, Data Artifacts & Backtest State"
V42_WEIGHT_AUDIT.md,2298,OUTPUT,YES,"Reports, Data Artifacts & Backtest State"
V42_WEIGHT_SENSITIVITY.csv,231,OUTPUT,YES,"Reports, Data Artifacts & Backtest State"
walk_forward_backtest_engine.py,19093,LEGACY,NO,Legacy utility or cache
walk_forward_backtest_report.json,407140,OUTPUT,YES,"Reports, Data Artifacts & Backtest State"
.vscode\settings.json,2,OUTPUT,YES,"Reports, Data Artifacts & Backtest State"
app\alpha\fundamental_engine.py,3349,LEGACY,NO,Legacy utility or cache
app\alpha\macro_engine.py,872,LEGACY,NO,Legacy utility or cache
app\alpha\sector_engine.py,1073,LEGACY,NO,Legacy utility or cache
app\alpha\valuation_engine.py,1619,LEGACY,NO,Legacy utility or cache
app\data\data_quality.py,1661,LEGACY,NO,Legacy utility or cache
audit_backup_before_remediation\app.py,130359,LEGACY,NO,Legacy utility or cache
audit_backup_before_remediation\egx_cib_lstm_engine.py,11906,LEGACY,NO,Legacy utility or cache
audit_backup_before_remediation\execution_status.json,2043,OUTPUT,YES,"Reports, Data Artifacts & Backtest State"
audit_backup_before_remediation\my_portfolio.json,997,OUTPUT,YES,"Reports, Data Artifacts & Backtest State"
audit_backup_before_remediation\settings.json,402,OUTPUT,YES,"Reports, Data Artifacts & Backtest State"
audit_backup_before_remediation\system_full_audit.py,37063,LEGACY,NO,Legacy utility or cache
data\holdout_reserve_locked_20260814.json,33585,OUTPUT,YES,"Reports, Data Artifacts & Backtest State"
data\model_drift_metrics.json,257,OUTPUT,YES,"Reports, Data Artifacts & Backtest State"
data\prediction_actual_telemetry.json,1622,OUTPUT,YES,"Reports, Data Artifacts & Backtest State"
research_v42\V42_BASELINE_SNAPSHOT.json,1018,RESEARCH,YES,"V42 Intelligence, Forecasting & Ranking Layer (Shadow)"
research_v42\engines\company_intelligence_engine.py,13294,RESEARCH,YES,"V42 Intelligence, Forecasting & Ranking Layer (Shadow)"
research_v42\engines\data_quality_engine.py,7678,RESEARCH,YES,"V42 Intelligence, Forecasting & Ranking Layer (Shadow)"
research_v42\engines\fundamental_engine.py,13354,RESEARCH,YES,"V42 Intelligence, Forecasting & Ranking Layer (Shadow)"
research_v42\engines\market_regime_engine.py,5086,RESEARCH,YES,"V42 Intelligence, Forecasting & Ranking Layer (Shadow)"
research_v42\engines\master_stock_ranker.py,12668,RESEARCH,YES,"V42 Intelligence, Forecasting & Ranking Layer (Shadow)"
research_v42\engines\multi_horizon_forecast_engine.py,13002,RESEARCH,YES,"V42 Intelligence, Forecasting & Ranking Layer (Shadow)"
research_v42\engines\sector_macro_liquidity_engines.py,10473,RESEARCH,YES,"V42 Intelligence, Forecasting & Ranking Layer (Shadow)"
research_v42\engines\technical_timing_engine.py,10922,RESEARCH,YES,"V42 Intelligence, Forecasting & Ranking Layer (Shadow)"
research_v42\engines\valuation_engine.py,7017,RESEARCH,YES,"V42 Intelligence, Forecasting & Ranking Layer (Shadow)"
research_v42\engines\__pycache__\company_intelligence_engine.cpython-312.pyc,17405,RESEARCH,YES,"V42 Intelligence, Forecasting & Ranking Layer (Shadow)"
research_v42\engines\__pycache__\data_quality_engine.cpython-312.pyc,10057,RESEARCH,YES,"V42 Intelligence, Forecasting & Ranking Layer (Shadow)"
research_v42\engines\__pycache__\fundamental_engine.cpython-312.pyc,17312,RESEARCH,YES,"V42 Intelligence, Forecasting & Ranking Layer (Shadow)"
research_v42\engines\__pycache__\market_regime_engine.cpython-312.pyc,6931,RESEARCH,YES,"V42 Intelligence, Forecasting & Ranking Layer (Shadow)"
research_v42\engines\__pycache__\master_stock_ranker.cpython-312.pyc,15340,RESEARCH,YES,"V42 Intelligence, Forecasting & Ranking Layer (Shadow)"
research_v42\engines\__pycache__\multi_horizon_forecast_engine.cpython-312.pyc,17259,RESEARCH,YES,"V42 Intelligence, Forecasting & Ranking Layer (Shadow)"
research_v42\engines\__pycache__\sector_macro_liquidity_engines.cpython-312.pyc,11621,RESEARCH,YES,"V42 Intelligence, Forecasting & Ranking Layer (Shadow)"
research_v42\engines\__pycache__\technical_timing_engine.cpython-312.pyc,14274,RESEARCH,YES,"V42 Intelligence, Forecasting & Ranking Layer (Shadow)"
research_v42\engines\__pycache__\valuation_engine.cpython-312.pyc,8272,RESEARCH,YES,"V42 Intelligence, Forecasting & Ranking Layer (Shadow)"
research_v42\reports\v42_ranking_latest.json,14917,RESEARCH,YES,"V42 Intelligence, Forecasting & Ranking Layer (Shadow)"
scratch\audit_paper.py,2894,TEST,NO,Audit & Verification Helper Scripts
scratch\calc_breakeven.py,3768,TEST,NO,Audit & Verification Helper Scripts
scratch\calc_breakeven_test.py,347,TEST,NO,Audit & Verification Helper Scripts
scratch\execute_final_freeze.py,19565,TEST,NO,Audit & Verification Helper Scripts
scratch\forward_validation_engine.py,3443,TEST,NO,Audit & Verification Helper Scripts
scratch\generate_final_outputs.py,2508,TEST,NO,Audit & Verification Helper Scripts
scratch\generate_forward_reports.py,7363,TEST,NO,Audit & Verification Helper Scripts
scratch\generate_master_report.py,5369,TEST,NO,Audit & Verification Helper Scripts
scratch\generate_remediation_report.py,5930,TEST,NO,Audit & Verification Helper Scripts
scratch\master_forensic_auditor.py,25408,TEST,NO,Audit & Verification Helper Scripts
scratch\v42_validator.py,3715,TEST,NO,Audit & Verification Helper Scripts
scratch\weight_and_ablation_audit.py,4332,TEST,NO,Audit & Verification Helper Scripts
scratch\full_audit\dq_gate_code.txt,0,TEST,NO,Audit & Verification Helper Scripts
scratch\full_audit\features_targets.txt,56,TEST,NO,Audit & Verification Helper Scripts
scratch\full_audit\part10_11_result.json,1027,TEST,NO,Audit & Verification Helper Scripts
scratch\full_audit\part1_4_result.json,46815,TEST,NO,Audit & Verification Helper Scripts
scratch\full_audit\part20_29_result.json,2169,TEST,NO,Audit & Verification Helper Scripts
scratch\full_audit\part30_39_result.json,1292,TEST,NO,Audit & Verification Helper Scripts
scratch\full_audit\part3_env_result.json,550,TEST,NO,Audit & Verification Helper Scripts
scratch\full_audit\part40_49_result.json,814,TEST,NO,Audit & Verification Helper Scripts
scratch\full_audit\part6_dq_result.json,111,TEST,NO,Audit & Verification Helper Scripts
scratch\full_audit\PARTS_1_9_AUDIT_RESULT.md,4185,TEST,NO,Audit & Verification Helper Scripts
scratch\master_review\generate_master_system_report.py,10251,TEST,NO,Audit & Verification Helper Scripts
tests\test_backtest.py,2478,LEGACY,NO,Legacy utility or cache
tests\test_data_leakage.py,2348,LEGACY,NO,Legacy utility or cache
tests\test_liquidity.py,2469,LEGACY,NO,Legacy utility or cache
tests\test_portfolio_equity.py,3089,LEGACY,NO,Legacy utility or cache
tests\test_red_team_edge_cases.py,2597,LEGACY,NO,Legacy utility or cache
tests\test_stop_loss.py,2159,LEGACY,NO,Legacy utility or cache
tests\test_targets.py,1798,LEGACY,NO,Legacy utility or cache
tests\__init__.py,50,LEGACY,NO,Legacy utility or cache
tests\__pycache__\test_backtest.cpython-312-pytest-9.1.1.pyc,4012,LEGACY,NO,Legacy utility or cache
tests\__pycache__\test_backtest.cpython-312.pyc,3899,LEGACY,NO,Legacy utility or cache
tests\__pycache__\test_data_leakage.cpython-312-pytest-9.1.1.pyc,3624,LEGACY,NO,Legacy utility or cache
tests\__pycache__\test_data_leakage.cpython-312.pyc,3511,LEGACY,NO,Legacy utility or cache
tests\__pycache__\test_liquidity.cpython-312-pytest-9.1.1.pyc,3815,LEGACY,NO,Legacy utility or cache
tests\__pycache__\test_liquidity.cpython-312.pyc,3702,LEGACY,NO,Legacy utility or cache
tests\__pycache__\test_portfolio_equity.cpython-312-pytest-9.1.1.pyc,4222,LEGACY,NO,Legacy utility or cache
tests\__pycache__\test_portfolio_equity.cpython-312.pyc,4109,LEGACY,NO,Legacy utility or cache
tests\__pycache__\test_red_team_edge_cases.cpython-312-pytest-9.1.1.pyc,5204,LEGACY,NO,Legacy utility or cache
tests\__pycache__\test_red_team_edge_cases.cpython-312.pyc,5091,LEGACY,NO,Legacy utility or cache
tests\__pycache__\test_stop_loss.cpython-312-pytest-9.1.1.pyc,2906,LEGACY,NO,Legacy utility or cache
tests\__pycache__\test_stop_loss.cpython-312.pyc,2793,LEGACY,NO,Legacy utility or cache
tests\__pycache__\test_targets.cpython-312-pytest-9.1.1.pyc,3129,LEGACY,NO,Legacy utility or cache
tests\__pycache__\test_targets.cpython-312.pyc,3016,LEGACY,NO,Legacy utility or cache
tests\__pycache__\__init__.cpython-312.pyc,156,LEGACY,NO,Legacy utility or cache
__pycache__\analyze_top_trades.cpython-312.pyc,4382,LEGACY,NO,Legacy utility or cache
__pycache__\app.cpython-312.pyc,116885,LEGACY,NO,Legacy utility or cache
__pycache__\config.cpython-312.pyc,819,LEGACY,NO,Legacy utility or cache
__pycache__\daily_paper_trade_logger.cpython-312.pyc,21097,LEGACY,NO,Legacy utility or cache
__pycache__\egx_cib_lstm_engine.cpython-312.pyc,13427,LEGACY,NO,Legacy utility or cache
__pycache__\egx_fundamentals_builder.cpython-312.pyc,3692,LEGACY,NO,Legacy utility or cache
__pycache__\egx_screener.cpython-312.pyc,20273,LEGACY,NO,Legacy utility or cache
__pycache__\headless_runner.cpython-312.pyc,4992,LEGACY,NO,Legacy utility or cache
__pycache__\market_data_provider.cpython-312.pyc,8428,LEGACY,NO,Legacy utility or cache
__pycache__\patch_app.cpython-312.pyc,4202,LEGACY,NO,Legacy utility or cache
__pycache__\run_bt.cpython-312.pyc,1219,LEGACY,NO,Legacy utility or cache
__pycache__\session_manager.cpython-312.pyc,5737,LEGACY,NO,Legacy utility or cache
__pycache__\show_my_results.cpython-312.pyc,9970,LEGACY,NO,Legacy utility or cache
__pycache__\system_full_audit.cpython-312.pyc,35397,LEGACY,NO,Legacy utility or cache
__pycache__\telemetry_tracker.cpython-312.pyc,9489,LEGACY,NO,Legacy utility or cache
__pycache__\walk_forward_backtest_engine.cpython-312.pyc,19547,LEGACY,NO,Legacy utility or cache
