date,rank,ticker,name,sector,score,signal,confidence,market_regime,model_agreement,alpha_vs_egx30,data_quality,model_version
2026-08-18 04:10,#1,JUFO.CA,جهينة للصناعات الغذائية,أغذية وأدوية 🥗,79.0,🟡 احتفاظ كاش (CASH),52.1%,هابط 📉,✅ اتفاق كامل,+5.43%,OK,v3.0-frozen
2026-08-18 04:10,#2,AMOC.CA,أموك للبترول,بتروكيماويات وأسمدة 🧪,72.7,🟢 دخول خفيف (BUY),47.2%,صاعد 📈,⚠️ تعارض — تحقق,+4.88%,OK,v3.0-frozen
2026-08-18 04:10,#3,RMDA.CA,العاشر من رمضان فارما (راميدا),أغذية وأدوية 🥗,68.7,🟢 دخول خفيف (BUY),46.8%,صاعد 📈,⚠️ تعارض — تحقق,+5.20%,OK,v3.0-frozen
2026-08-18 04:10,#4,EGAL.CA,مصر للالومنيوم,صناعة وموارد 🏭,68.2,🟢 دخول خفيف (BUY),46.8%,صاعد 📈,⚠️ تعارض — تحقق,+4.36%,OK,v3.0-frozen
2026-08-18 04:10,#5,RAYA.CA,راية القابضة,اتصالات وتكنولوجيا 📱,64.0,🟡 احتفاظ كاش (CASH),52.8%,هابط 📉,✅ اتفاق كامل,+4.39%,OK,v3.0-frozen
2026-08-18 04:10,#6,DOMT.CA,دومتي للصناعات الغذائية,أغذية وأدوية 🥗,63.5,🟢 دخول خفيف (BUY),46.5%,صاعد 📈,⚠️ تعارض — تحقق,+4.58%,OK,v3.0-frozen
2026-08-18 04:10,#7,MFPC.CA,موبكو للأسمدة,بتروكيماويات وأسمدة 🧪,63.0,🟢 دخول خفيف (BUY),46.5%,صاعد 📈,⚠️ تعارض — تحقق,+4.08%,OK,v3.0-frozen
2026-08-18 04:10,#8,SWDY.CA,السويدي إلكتريك,صناعة وموارد 🏭,62.4,🟢 دخول خفيف (BUY),46.8%,صاعد 📈,⚠️ تعارض — تحقق,+4.58%,OK,v3.0-frozen
2026-08-18 04:10,#9,ABUK.CA,أبو قير للأسمدة,بتروكيماويات وأسمدة 🧪,62.2,🟢 دخول خفيف (BUY),44.2%,صاعد 📈,⚠️ تعارض — تحقق,+4.08%,OK,v3.0-frozen
2026-08-18 04:10,#10,BINV.CA,بي انفستمنتس القابضة,خدمات مالية وبنوك 🏦,61.4,🟢 دخول خفيف (BUY),47.0%,عرضي ↕️,⚠️ تعارض — تحقق,+4.70%,OK,v3.0-frozen
2026-08-18 04:10,#11,ALCN.CA,الإسكندرية تداول الحاويات,صناعة وموارد 🏭,61.3,🟢 دخول خفيف (BUY),46.0%,صاعد 📈,⚠️ تعارض — تحقق,+4.08%,OK,v3.0-frozen
2026-08-18 04:10,#12,MASR.CA,مدينة مصر للإسكان,عقارات وإنشاءات 🏗️,61.2,🟡 احتفاظ كاش (CASH),53.2%,هابط 📉,✅ اتفاق كامل,+4.39%,OK,v3.0-frozen
2026-08-18 04:10,#13,HELI.CA,مصر الجديدة للإسكان,عقارات وإنشاءات 🏗️,61.0,🔴 دخول ملغي (NO TRADE) - INVALID_PULLBACK_ENTRY,52.9%,صاعد 📈,✅ اتفاق كامل,+4.62%,INVALID_PULLBACK_ENTRY,v3.0-frozen
2026-08-18 04:10,#14,EXPA.CA,البنك المصري لتنمية الصادرات,خدمات مالية وبنوك 🏦,60.6,🟢 دخول خفيف (BUY),43.8%,صاعد 📈,⚠️ تعارض — تحقق,+4.08%,OK,v3.0-frozen
2026-08-18 04:10,#15,ORWE.CA,النساجون الشرقيون,صناعة وموارد 🏭,60.2,🔴 دخول ملغي (NO TRADE) - INVALID_PULLBACK_ENTRY,46.3%,صاعد 📈,⚠️ تعارض — تحقق,+4.36%,INVALID_PULLBACK_ENTRY,v3.0-frozen
2026-08-18 04:10,#16,ADIB.CA,مصرف أبو ظبي الإسلامي,خدمات مالية وبنوك 🏦,59.9,🟡 احتفاظ كاش (CASH),46.4%,صاعد 📈,⚠️ تعارض — تحقق,+4.08%,OK,v3.0-frozen
2026-08-18 04:10,#17,CLHO.CA,كليوباترا للمستشفيات,أغذية وأدوية 🥗,59.9,🟡 احتفاظ كاش (CASH),52.6%,صاعد 📈,✅ اتفاق كامل,+4.39%,OK,v3.0-frozen
2026-08-18 04:10,#18,TMGH.CA,طلعت مصطفى,عقارات وإنشاءات 🏗️,59.6,🟡 احتفاظ كاش (CASH),49.1%,عرضي ↕️,⚠️ تعارض — تحقق,+4.51%,OK,v3.0-frozen
2026-08-18 04:10,#19,ISPH.CA,ابن سينا فارما,أغذية وأدوية 🥗,59.5,🟡 احتفاظ كاش (CASH),46.8%,صاعد 📈,⚠️ تعارض — تحقق,+4.58%,OK,v3.0-frozen
2026-08-18 04:10,#20,FWRY.CA,فوري للمدفوعات,اتصالات وتكنولوجيا 📱,55.5,🟡 احتفاظ كاش (CASH),47.0%,عرضي ↕️,⚠️ تعارض — تحقق,+4.51%,OK,v3.0-frozen
2026-08-18 04:10,#21,CICH.CA,سي آي كابيتال,خدمات مالية وبنوك 🏦,53.5,🟡 احتفاظ كاش (CASH),46.8%,صاعد 📈,⚠️ تعارض — تحقق,+4.16%,OK,v3.0-frozen
2026-08-18 04:10,#22,HRHO.CA,إي إف جي هيرميس,خدمات مالية وبنوك 🏦,53.2,🔴 دخول ملغي (NO TRADE) - INVALID_PULLBACK_ENTRY,47.0%,عرضي ↕️,⚠️ تعارض — تحقق,+4.51%,INVALID_PULLBACK_ENTRY,v3.0-frozen
2026-08-18 04:10,#23,SKPC.CA,سيدي كرير للبتروكيماويات,بتروكيماويات وأسمدة 🧪,52.6,🟡 احتفاظ كاش (CASH),46.5%,صاعد 📈,⚠️ تعارض — تحقق,+4.08%,OK,v3.0-frozen
2026-08-18 04:10,#24,PHDC.CA,بالم هيلز للتعمير,عقارات وإنشاءات 🏗️,51.5,🟡 احتفاظ كاش (CASH),46.5%,صاعد 📈,⚠️ تعارض — تحقق,+4.08%,OK,v3.0-frozen
2026-08-18 04:10,#25,ESRS.CA,حديد عز,صناعة وموارد 🏭,46.1,🟡 احتفاظ كاش (CASH),48.9%,صاعد 📈,✅ اتفاق كامل,+3.26%,OK,v3.0-frozen
