date,ticker,name,shares,current_price,market_value_egp,allocation_pct,status,action,notes
2026-08-24 10:38,RAYA.CA,راية القابضة,159,7.05,1120.95,0.0,HOLDING,HOLD,السهم في النطاق الآمن (لم يكسر وقف الخسارة والتركز طبيعي)
2026-08-24 10:38,HELI.CA,مصر الجديدة للإسكان,0,7.56,0.0,5.4,APPROVED,WAIT FOR PULLBACK,APPROVED_FOR_EXECUTION
2026-08-24 10:38,SWDY.CA,السويدي إلكتريك,0,127.0,0.0,3.9,APPROVED,WAIT FOR PULLBACK,APPROVED_FOR_EXECUTION
2026-08-24 10:38,AMOC.CA,أموك للبترول,0,11.18,0.0,4.2,APPROVED,WAIT FOR PULLBACK,APPROVED_FOR_EXECUTION
2026-08-24 10:38,CLHO.CA,كليوباترا للمستشفيات,0,17.54,0.0,5.7,APPROVED,WAIT FOR PULLBACK,APPROVED_FOR_EXECUTION
2026-08-24 10:38,ETEL.CA,المصرية للاتصالات,0,116.85,0.0,5.4,APPROVED,WAIT FOR PULLBACK,APPROVED_FOR_EXECUTION
2026-08-24 10:38,SKPC.CA,سيدي كرير للبتروكيماويات,0,17.3,0.0,5.4,APPROVED,WAIT FOR PULLBACK,APPROVED_FOR_EXECUTION
2026-08-24 10:38,TMGH.CA,طلعت مصطفى,8,97.89,783.12,8.6,HOLDING,HOLD,السهم في النطاق الآمن (لم يكسر وقف الخسارة والتركز طبيعي)
2026-08-24 10:38,FWRY.CA,فوري للمدفوعات,0,19.12,0.0,7.7,APPROVED,WAIT FOR PULLBACK,APPROVED_FOR_EXECUTION
2026-08-24 10:38,PHDC.CA,بالم هيلز للتعمير,65,14.84,964.6,0.0,HOLDING,HOLD,السهم في النطاق الآمن (لم يكسر وقف الخسارة والتركز طبيعي)
2026-08-24 10:38,ORWE.CA,النساجون الشرقيون,0,26.69,0.0,6.7,APPROVED,WAIT FOR PULLBACK,APPROVED_FOR_EXECUTION
2026-08-24 10:38,ADIB.CA,مصرف أبو ظبي الإسلامي,0,54.2,0.0,6.0,APPROVED,WAIT FOR PULLBACK,APPROVED_FOR_EXECUTION
2026-08-24 10:38,EGAL.CA,مصر للالومنيوم,0,340.0,0.0,5.9,APPROVED,WAIT FOR PULLBACK,APPROVED_FOR_EXECUTION
2026-08-24 10:38,COMI.CA,التجاري الدولي,26,139.3,3621.8,0.0,HOLDING,HOLD,السهم في النطاق الآمن (لم يكسر وقف الخسارة والتركز طبيعي)
