date,ticker,name,signal,score,entry_price,peak_target,stop_loss,confidence_pct,ret_5d,ret_20d,ret_60d,model_agreement,top_driver,allocation_pct,liquidity_flag,data_quality,sector,model_version
2026-08-14 18:18,GBCO.CA,غبور أوتو,🟢 اقتناص القمة (STRONG BUY),79.4,31.09,33.23,29.54,52.4%,+0.03%,+4.31%,+11.19%,✅ اتفاق كامل,"{""ticker"": ""GBCO.CA"", ""signal"": ""🟢 اقتناص القمة (STRONG BUY)"", ""ml_direction_prob"": 0.524, ""calibrated_confidence"": 79.4, ""peak_expected_return"": 33.23, ""hurdle_cleared"": true, ""market_regime"": ""عرضي ↕️"", ""liquidity_status"": ""OK"", ""risk_parity_weight"": ""5.6%"", ""primary_catalysts"": [""سيولة مؤسسية (40.4%)""]}",5.6%,OK,OK,صناعة وموارد 🏭,v3.0-frozen
2026-08-14 18:18,AMOC.CA,أموك للبترول,🟢 دخول خفيف (BUY),77.9,10.16,10.96,9.65,48.9%,+0.76%,+4.55%,+12.94%,⚠️ تعارض — تحقق,"{""ticker"": ""AMOC.CA"", ""signal"": ""🟢 دخول خفيف (BUY)"", ""ml_direction_prob"": 0.489, ""calibrated_confidence"": 77.9, ""peak_expected_return"": 10.96, ""hurdle_cleared"": true, ""market_regime"": ""صاعد 📈"", ""liquidity_status"": ""OK"", ""risk_parity_weight"": ""5.2%"", ""primary_catalysts"": [""سيولة مؤسسية (50.9%)""]}",5.2%,OK,OK,بتروكيماويات وأسمدة 🧪,v3.0-frozen
2026-08-14 18:18,JUFO.CA,جهينة للصناعات الغذائية,🟡 احتفاظ كاش (CASH),77.9,26.65,29.27,24.59,54.1%,+0.46%,+4.43%,+13.78%,✅ اتفاق كامل,"{""ticker"": ""JUFO.CA"", ""signal"": ""🟡 احتفاظ كاش (CASH)"", ""ml_direction_prob"": 0.541, ""calibrated_confidence"": 77.9, ""peak_expected_return"": 29.27, ""hurdle_cleared"": true, ""market_regime"": ""هابط 📉"", ""liquidity_status"": ""N/A"", ""risk_parity_weight"": ""0.0%"", ""primary_catalysts"": [""RSI والقاع (35.6%)""]}",0.0%,N/A,OK,أغذية وأدوية 🥗,v3.0-frozen
2026-08-14 18:18,RMDA.CA,العاشر من رمضان فارما (راميدا),🟢 دخول خفيف (BUY),70.5,6.34,7.08,5.76,48.4%,+0.41%,+4.41%,+14.44%,⚠️ تعارض — تحقق,"{""ticker"": ""RMDA.CA"", ""signal"": ""🟢 دخول خفيف (BUY)"", ""ml_direction_prob"": 0.484, ""calibrated_confidence"": 70.5, ""peak_expected_return"": 7.08, ""hurdle_cleared"": true, ""market_regime"": ""صاعد 📈"", ""liquidity_status"": ""OK"", ""risk_parity_weight"": ""4.2%"", ""primary_catalysts"": [""زخم الدولار/جنيه (43.3%)""]}",4.2%,OK,OK,أغذية وأدوية 🥗,v3.0-frozen
2026-08-14 18:18,ETEL.CA,المصرية للاتصالات,🟢 دخول خفيف (BUY),69.8,112.24,121.1,105.62,48.9%,+0.45%,+3.79%,+11.33%,⚠️ تعارض — تحقق,"{""ticker"": ""ETEL.CA"", ""signal"": ""🟢 دخول خفيف (BUY)"", ""ml_direction_prob"": 0.489, ""calibrated_confidence"": 69.8, ""peak_expected_return"": 121.1, ""hurdle_cleared"": true, ""market_regime"": ""صاعد 📈"", ""liquidity_status"": ""OK"", ""risk_parity_weight"": ""5.7%"", ""primary_catalysts"": [""سيولة مؤسسية (61.5%)""]}",5.7%,OK,OK,اتصالات وتكنولوجيا 📱,v3.0-frozen
2026-08-14 18:18,EGAL.CA,مصر للالومنيوم,🟢 دخول خفيف (BUY),68.6,328.87,350.53,315.19,47.0%,+0.68%,+3.41%,+9.55%,⚠️ تعارض — تحقق,"{""ticker"": ""EGAL.CA"", ""signal"": ""🟢 دخول خفيف (BUY)"", ""ml_direction_prob"": 0.47, ""calibrated_confidence"": 68.6, ""peak_expected_return"": 350.53, ""hurdle_cleared"": true, ""market_regime"": ""صاعد 📈"", ""liquidity_status"": ""OK"", ""risk_parity_weight"": ""6.0%"", ""primary_catalysts"": [""زخم الدولار/جنيه (44.1%)""]}",6.0%,OK,OK,صناعة وموارد 🏭,v3.0-frozen
2026-08-14 18:18,MFPC.CA,موبكو للأسمدة,🟢 دخول خفيف (BUY),67.8,39.63,41.83,38.57,49.2%,+0.03%,+3.67%,+14.57%,⚠️ تعارض — تحقق,"{""ticker"": ""MFPC.CA"", ""signal"": ""🟢 دخول خفيف (BUY)"", ""ml_direction_prob"": 0.49200000000000005, ""calibrated_confidence"": 67.8, ""peak_expected_return"": 41.83, ""hurdle_cleared"": true, ""market_regime"": ""عرضي ↕️"", ""liquidity_status"": ""OK"", ""risk_parity_weight"": ""6.5%"", ""primary_catalysts"": [""سيولة مؤسسية (61.5%)""]}",6.5%,OK,OK,بتروكيماويات وأسمدة 🧪,v3.0-frozen
2026-08-14 18:18,DOMT.CA,دومتي للصناعات الغذائية,🟢 دخول خفيف (BUY),65.7,28.82,31.06,27.14,48.9%,+0.45%,+3.95%,+11.33%,⚠️ تعارض — تحقق,"{""ticker"": ""DOMT.CA"", ""signal"": ""🟢 دخول خفيف (BUY)"", ""ml_direction_prob"": 0.489, ""calibrated_confidence"": 65.7, ""peak_expected_return"": 31.06, ""hurdle_cleared"": true, ""market_regime"": ""صاعد 📈"", ""liquidity_status"": ""OK"", ""risk_parity_weight"": ""6.4%"", ""primary_catalysts"": [""سيولة مؤسسية (41.8%)""]}",6.4%,OK,OK,أغذية وأدوية 🥗,v3.0-frozen
2026-08-14 18:18,RAYA.CA,راية القابضة,🟡 احتفاظ كاش (CASH),65.6,7.0,7.4,6.73,51.4%,+0.03%,+3.73%,+10.74%,✅ اتفاق كامل,"{""ticker"": ""RAYA.CA"", ""signal"": ""🟡 احتفاظ كاش (CASH)"", ""ml_direction_prob"": 0.514, ""calibrated_confidence"": 65.6, ""peak_expected_return"": 7.4, ""hurdle_cleared"": true, ""market_regime"": ""هابط 📉"", ""liquidity_status"": ""N/A"", ""risk_parity_weight"": ""0.0%"", ""primary_catalysts"": [""RSI والقاع (36.8%)""]}",0.0%,N/A,OK,اتصالات وتكنولوجيا 📱,v3.0-frozen
2026-08-14 18:18,SWDY.CA,السويدي إلكتريك,🟢 دخول خفيف (BUY),64.9,106.51,114.38,100.07,48.8%,+0.45%,+3.94%,+13.12%,⚠️ تعارض — تحقق,"{""ticker"": ""SWDY.CA"", ""signal"": ""🟢 دخول خفيف (BUY)"", ""ml_direction_prob"": 0.488, ""calibrated_confidence"": 64.9, ""peak_expected_return"": 114.38, ""hurdle_cleared"": true, ""market_regime"": ""صاعد 📈"", ""liquidity_status"": ""OK"", ""risk_parity_weight"": ""5.5%"", ""primary_catalysts"": [""زخم الدولار/جنيه (41.6%)""]}",5.5%,OK,OK,صناعة وموارد 🏭,v3.0-frozen
2026-08-14 18:18,MASR.CA,مدينة مصر للإسكان,🟢 دخول خفيف (BUY),64.1,7.54,7.98,7.25,53.6%,+0.09%,+3.73%,+10.74%,✅ اتفاق كامل,"{""ticker"": ""MASR.CA"", ""signal"": ""🟢 دخول خفيف (BUY)"", ""ml_direction_prob"": 0.536, ""calibrated_confidence"": 64.1, ""peak_expected_return"": 7.98, ""hurdle_cleared"": true, ""market_regime"": ""عرضي ↕️"", ""liquidity_status"": ""OK"", ""risk_parity_weight"": ""5.6%"", ""primary_catalysts"": [""RSI والقاع (36.8%)""]}",5.6%,OK,OK,عقارات وإنشاءات 🏗️,v3.0-frozen
2026-08-14 18:18,ABUK.CA,أبو قير للأسمدة,🟢 دخول خفيف (BUY),62.5,77.31,81.58,75.1,46.3%,+0.00%,+3.18%,+8.96%,⚠️ تعارض — تحقق,"{""ticker"": ""ABUK.CA"", ""signal"": ""🟢 دخول خفيف (BUY)"", ""ml_direction_prob"": 0.46299999999999997, ""calibrated_confidence"": 62.5, ""peak_expected_return"": 81.58, ""hurdle_cleared"": true, ""market_regime"": ""صاعد 📈"", ""liquidity_status"": ""OK"", ""risk_parity_weight"": ""6.3%"", ""primary_catalysts"": [""سيولة مؤسسية (53.6%)""]}",6.3%,OK,OK,بتروكيماويات وأسمدة 🧪,v3.0-frozen
2026-08-14 18:18,ALCN.CA,الإسكندرية تداول الحاويات,🟢 دخول خفيف (BUY),62.5,31.61,33.39,30.54,47.1%,+0.47%,+3.32%,+8.94%,⚠️ تعارض — تحقق,"{""ticker"": ""ALCN.CA"", ""signal"": ""🟢 دخول خفيف (BUY)"", ""ml_direction_prob"": 0.47100000000000003, ""calibrated_confidence"": 62.5, ""peak_expected_return"": 33.39, ""hurdle_cleared"": true, ""market_regime"": ""صاعد 📈"", ""liquidity_status"": ""OK"", ""risk_parity_weight"": ""8.6%"", ""primary_catalysts"": [""زخم الدولار/جنيه (44.3%)""]}",8.6%,OK,OK,صناعة وموارد 🏭,v3.0-frozen
2026-08-14 18:18,TMGH.CA,طلعت مصطفى,🟢 دخول خفيف (BUY),62.1,97.09,102.38,94.43,50.0%,+0.04%,+3.38%,+10.69%,✅ اتفاق كامل,"{""ticker"": ""TMGH.CA"", ""signal"": ""🟢 دخول خفيف (BUY)"", ""ml_direction_prob"": 0.5, ""calibrated_confidence"": 62.1, ""peak_expected_return"": 102.38, ""hurdle_cleared"": true, ""market_regime"": ""عرضي ↕️"", ""liquidity_status"": ""OK"", ""risk_parity_weight"": ""8.1%"", ""primary_catalysts"": [""زخم الدولار/جنيه (32.2%)""]}",8.1%,OK,OK,عقارات وإنشاءات 🏗️,v3.0-frozen
2026-08-14 18:18,ADIB.CA,مصرف أبو ظبي الإسلامي,🟢 دخول خفيف (BUY),61.2,54.34,57.4,52.41,46.0%,-0.02%,+3.15%,+8.93%,⚠️ تعارض — تحقق,"{""ticker"": ""ADIB.CA"", ""signal"": ""🟢 دخول خفيف (BUY)"", ""ml_direction_prob"": 0.46, ""calibrated_confidence"": 61.2, ""peak_expected_return"": 57.4, ""hurdle_cleared"": true, ""market_regime"": ""صاعد 📈"", ""liquidity_status"": ""OK"", ""risk_parity_weight"": ""5.9%"", ""primary_catalysts"": [""زخم الدولار/جنيه (45.1%)""]}",5.9%,OK,OK,خدمات مالية وبنوك 🏦,v3.0-frozen
2026-08-14 18:18,HELI.CA,مصر الجديدة للإسكان,🟢 دخول خفيف (BUY),60.9,7.8,8.32,7.38,50.1%,+0.01%,+3.64%,+11.34%,✅ اتفاق كامل,"{""ticker"": ""HELI.CA"", ""signal"": ""🟢 دخول خفيف (BUY)"", ""ml_direction_prob"": 0.501, ""calibrated_confidence"": 60.9, ""peak_expected_return"": 8.32, ""hurdle_cleared"": true, ""market_regime"": ""صاعد 📈"", ""liquidity_status"": ""OK"", ""risk_parity_weight"": ""5.5%"", ""primary_catalysts"": [""سيولة مؤسسية (34.3%)""]}",5.5%,OK,OK,عقارات وإنشاءات 🏗️,v3.0-frozen
2026-08-14 18:18,EXPA.CA,البنك المصري لتنمية الصادرات,🟡 احتفاظ كاش (CASH),60.7,21.13,22.31,20.48,46.3%,+0.01%,+3.17%,+8.95%,⚠️ تعارض — تحقق,"{""ticker"": ""EXPA.CA"", ""signal"": ""🟡 احتفاظ كاش (CASH)"", ""ml_direction_prob"": 0.46299999999999997, ""calibrated_confidence"": 60.7, ""peak_expected_return"": 22.31, ""hurdle_cleared"": true, ""market_regime"": ""صاعد 📈"", ""liquidity_status"": ""N/A"", ""risk_parity_weight"": ""0.0%"", ""primary_catalysts"": [""سيولة مؤسسية (40.6%)""]}",0.0%,N/A,OK,خدمات مالية وبنوك 🏦,v3.0-frozen
2026-08-14 18:18,ORWE.CA,النساجون الشرقيون,🟡 احتفاظ كاش (CASH),59.6,25.88,27.34,24.81,46.6%,+0.45%,+3.41%,+9.55%,⚠️ تعارض — تحقق,"{""ticker"": ""ORWE.CA"", ""signal"": ""🟡 احتفاظ كاش (CASH)"", ""ml_direction_prob"": 0.466, ""calibrated_confidence"": 59.6, ""peak_expected_return"": 27.34, ""hurdle_cleared"": true, ""market_regime"": ""صاعد 📈"", ""liquidity_status"": ""N/A"", ""risk_parity_weight"": ""0.0%"", ""primary_catalysts"": [""زخم الدولار/جنيه (44.7%)""]}",0.0%,N/A,OK,صناعة وموارد 🏭,v3.0-frozen
2026-08-14 18:18,ISPH.CA,ابن سينا فارما,🟡 احتفاظ كاش (CASH),56.5,13.38,14.88,12.06,48.8%,+0.35%,+3.26%,+13.66%,⚠️ تعارض — تحقق,"{""ticker"": ""ISPH.CA"", ""signal"": ""🟡 احتفاظ كاش (CASH)"", ""ml_direction_prob"": 0.488, ""calibrated_confidence"": 56.5, ""peak_expected_return"": 14.88, ""hurdle_cleared"": true, ""market_regime"": ""صاعد 📈"", ""liquidity_status"": ""N/A"", ""risk_parity_weight"": ""0.0%"", ""primary_catalysts"": [""زخم الدولار/جنيه (43.3%)""]}",0.0%,N/A,OK,أغذية وأدوية 🥗,v3.0-frozen
2026-08-14 18:18,COMI.CA,التجاري الدولي,🟡 احتفاظ كاش (CASH),55.7,138.56,145.53,135.9,47.8%,+0.04%,+3.02%,+4.15%,✅ اتفاق كامل,"{""ticker"": ""COMI.CA"", ""signal"": ""🟡 احتفاظ كاش (CASH)"", ""ml_direction_prob"": 0.478, ""calibrated_confidence"": 55.7, ""peak_expected_return"": 145.53, ""hurdle_cleared"": true, ""market_regime"": ""صاعد 📈"", ""liquidity_status"": ""N/A"", ""risk_parity_weight"": ""0.0%"", ""primary_catalysts"": [""سيولة مؤسسية (35.4%)""]}",0.0%,N/A,OK,خدمات مالية وبنوك 🏦,v3.0-frozen
2026-08-14 18:18,CLHO.CA,كليوباترا للمستشفيات,🟡 احتفاظ كاش (CASH),55.6,16.95,18.19,15.95,48.6%,-0.04%,+3.78%,+11.32%,⚠️ تعارض — تحقق,"{""ticker"": ""CLHO.CA"", ""signal"": ""🟡 احتفاظ كاش (CASH)"", ""ml_direction_prob"": 0.486, ""calibrated_confidence"": 55.6, ""peak_expected_return"": 18.19, ""hurdle_cleared"": true, ""market_regime"": ""صاعد 📈"", ""liquidity_status"": ""N/A"", ""risk_parity_weight"": ""0.0%"", ""primary_catalysts"": [""سيولة مؤسسية (42.3%)""]}",0.0%,N/A,OK,أغذية وأدوية 🥗,v3.0-frozen
2026-08-14 18:18,BINV.CA,بي انفستمنتس القابضة,🟡 احتفاظ كاش (CASH),54.5,48.83,51.54,47.28,46.0%,+0.00%,+3.17%,+8.95%,⚠️ تعارض — تحقق,"{""ticker"": ""BINV.CA"", ""signal"": ""🟡 احتفاظ كاش (CASH)"", ""ml_direction_prob"": 0.46, ""calibrated_confidence"": 54.5, ""peak_expected_return"": 51.54, ""hurdle_cleared"": true, ""market_regime"": ""صاعد 📈"", ""liquidity_status"": ""N/A"", ""risk_parity_weight"": ""0.0%"", ""primary_catalysts"": [""زخم الدولار/جنيه (43.7%)""]}",0.0%,N/A,OK,خدمات مالية وبنوك 🏦,v3.0-frozen
2026-08-14 18:18,CICH.CA,سي آي كابيتال,🟡 احتفاظ كاش (CASH),52.8,12.49,13.21,12.0,47.1%,-0.01%,+3.26%,+9.33%,⚠️ تعارض — تحقق,"{""ticker"": ""CICH.CA"", ""signal"": ""🟡 احتفاظ كاش (CASH)"", ""ml_direction_prob"": 0.47100000000000003, ""calibrated_confidence"": 52.8, ""peak_expected_return"": 13.21, ""hurdle_cleared"": true, ""market_regime"": ""صاعد 📈"", ""liquidity_status"": ""N/A"", ""risk_parity_weight"": ""0.0%"", ""primary_catalysts"": [""زخم الدولار/جنيه (36.0%)""]}",0.0%,N/A,OK,خدمات مالية وبنوك 🏦,v3.0-frozen
2026-08-14 18:18,PHDC.CA,بالم هيلز للتعمير,🟡 احتفاظ كاش (CASH),52.0,15.17,16.0,14.71,46.3%,+0.25%,+3.22%,+8.95%,⚠️ تعارض — تحقق,"{""ticker"": ""PHDC.CA"", ""signal"": ""🟡 احتفاظ كاش (CASH)"", ""ml_direction_prob"": 0.46299999999999997, ""calibrated_confidence"": 52.0, ""peak_expected_return"": 16.0, ""hurdle_cleared"": true, ""market_regime"": ""صاعد 📈"", ""liquidity_status"": ""N/A"", ""risk_parity_weight"": ""0.0%"", ""primary_catalysts"": [""سيولة مؤسسية (49.0%)""]}",0.0%,N/A,OK,عقارات وإنشاءات 🏗️,v3.0-frozen
2026-08-14 18:18,SKPC.CA,سيدي كرير للبتروكيماويات,🟡 احتفاظ كاش (CASH),52.0,16.48,17.38,16.04,46.4%,-0.02%,+3.18%,+8.96%,⚠️ تعارض — تحقق,"{""ticker"": ""SKPC.CA"", ""signal"": ""🟡 احتفاظ كاش (CASH)"", ""ml_direction_prob"": 0.46399999999999997, ""calibrated_confidence"": 52.0, ""peak_expected_return"": 17.38, ""hurdle_cleared"": true, ""market_regime"": ""صاعد 📈"", ""liquidity_status"": ""N/A"", ""risk_parity_weight"": ""0.0%"", ""primary_catalysts"": [""زخم الدولار/جنيه (39.7%)""]}",0.0%,N/A,OK,بتروكيماويات وأسمدة 🧪,v3.0-frozen
2026-08-14 18:18,FWRY.CA,فوري للمدفوعات,🟡 احتفاظ كاش (CASH),51.8,18.87,19.9,18.35,49.2%,+0.03%,+3.38%,+10.69%,⚠️ تعارض — تحقق,"{""ticker"": ""FWRY.CA"", ""signal"": ""🟡 احتفاظ كاش (CASH)"", ""ml_direction_prob"": 0.49200000000000005, ""calibrated_confidence"": 51.8, ""peak_expected_return"": 19.9, ""hurdle_cleared"": true, ""market_regime"": ""عرضي ↕️"", ""liquidity_status"": ""N/A"", ""risk_parity_weight"": ""0.0%"", ""primary_catalysts"": [""زخم الدولار/جنيه (33.3%)""]}",0.0%,N/A,OK,اتصالات وتكنولوجيا 📱,v3.0-frozen
2026-08-14 18:18,HRHO.CA,إي إف جي هيرميس,🟡 احتفاظ كاش (CASH),50.5,26.57,27.86,25.89,49.2%,+0.07%,+3.39%,+8.99%,⚠️ تعارض — تحقق,"{""ticker"": ""HRHO.CA"", ""signal"": ""🟡 احتفاظ كاش (CASH)"", ""ml_direction_prob"": 0.49200000000000005, ""calibrated_confidence"": 50.5, ""peak_expected_return"": 27.86, ""hurdle_cleared"": true, ""market_regime"": ""عرضي ↕️"", ""liquidity_status"": ""N/A"", ""risk_parity_weight"": ""0.0%"", ""primary_catalysts"": [""زخم الدولار/جنيه (30.2%)""]}",0.0%,N/A,OK,خدمات مالية وبنوك 🏦,v3.0-frozen
2026-08-14 18:18,ESRS.CA,حديد عز,🟡 احتفاظ كاش (CASH),48.5,132.88,140.48,129.04,49.2%,-0.04%,+3.53%,+8.10%,⚠️ تعارض — تحقق,"{""ticker"": ""ESRS.CA"", ""signal"": ""🟡 احتفاظ كاش (CASH)"", ""ml_direction_prob"": 0.49200000000000005, ""calibrated_confidence"": 48.5, ""peak_expected_return"": 140.48, ""hurdle_cleared"": true, ""market_regime"": ""صاعد 📈"", ""liquidity_status"": ""N/A"", ""risk_parity_weight"": ""0.0%"", ""primary_catalysts"": [""RSI والقاع (45.3%)""]}",0.0%,N/A,OK,صناعة وموارد 🏭,v3.0-frozen
