date,ticker,confidence,signal,target
2026-08-15,GBCO.CA,52.3%,🟢 اقتناص القمة (STRONG BUY),33.3
2026-08-15,JUFO.CA,55.0%,🟡 احتفاظ كاش (CASH),29.35
2026-08-15,AMOC.CA,48.9%,🟢 دخول خفيف (BUY),10.98
2026-08-15,ETEL.CA,48.9%,🟢 دخول خفيف (BUY),121.37
2026-08-15,EGAL.CA,47.1%,🟢 دخول خفيف (BUY),351.3
2026-08-15,RMDA.CA,48.5%,🟢 دخول خفيف (BUY),7.1
2026-08-15,MFPC.CA,49.1%,🟢 دخول خفيف (BUY),41.92
2026-08-15,RAYA.CA,52.2%,🟡 احتفاظ كاش (CASH),7.42
2026-08-15,DOMT.CA,48.9%,🟢 دخول خفيف (BUY),31.13
2026-08-15,MASR.CA,54.4%,🟢 دخول خفيف (BUY),8.0
2026-08-15,SWDY.CA,48.8%,🟢 دخول خفيف (BUY),114.68
2026-08-15,ABUK.CA,46.5%,🟢 دخول خفيف (BUY),81.76
2026-08-15,ALCN.CA,47.4%,🟢 دخول خفيف (BUY),33.46
2026-08-15,ADIB.CA,46.1%,🟢 دخول خفيف (BUY),57.53
2026-08-15,EXPA.CA,46.5%,🟢 دخول خفيف (BUY),22.36
2026-08-15,ORWE.CA,46.6%,🟢 دخول خفيف (BUY),27.4
2026-08-15,COMI.CA,48.1%,🟡 احتفاظ كاش (CASH),145.85
2026-08-15,TMGH.CA,49.3%,🟡 احتفاظ كاش (CASH),102.61
2026-08-15,HELI.CA,49.8%,🟡 احتفاظ كاش (CASH),8.33
2026-08-15,ISPH.CA,48.8%,🟡 احتفاظ كاش (CASH),14.92
2026-08-15,CLHO.CA,48.9%,🟡 احتفاظ كاش (CASH),18.23
2026-08-15,BINV.CA,46.5%,🟡 احتفاظ كاش (CASH),51.66
2026-08-15,FWRY.CA,49.1%,🟡 احتفاظ كاش (CASH),19.94
2026-08-15,CICH.CA,46.9%,🟡 احتفاظ كاش (CASH),13.24
2026-08-15,PHDC.CA,46.5%,🟡 احتفاظ كاش (CASH),16.04
2026-08-15,SKPC.CA,46.6%,🟡 احتفاظ كاش (CASH),17.42
2026-08-15,HRHO.CA,49.1%,🟡 احتفاظ كاش (CASH),27.93
2026-08-15,ESRS.CA,49.1%,🟡 احتفاظ كاش (CASH),140.48
2026-08-16,GBCO.CA,52.2%,🟢 اقتناص القمة (STRONG BUY),33.3
2026-08-16,JUFO.CA,55.1%,🟡 احتفاظ كاش (CASH),29.35
2026-08-16,AMOC.CA,48.8%,🟢 دخول خفيف (BUY),10.98
2026-08-16,ETEL.CA,48.8%,🟢 دخول خفيف (BUY),121.37
2026-08-16,EGAL.CA,47.4%,🟢 دخول خفيف (BUY),351.3
2026-08-16,RMDA.CA,48.3%,🟢 دخول خفيف (BUY),7.1
2026-08-16,MFPC.CA,49.2%,🟢 دخول خفيف (BUY),41.92
2026-08-16,RAYA.CA,52.0%,🟡 احتفاظ كاش (CASH),7.42
2026-08-16,DOMT.CA,48.8%,🟢 دخول خفيف (BUY),31.13
2026-08-16,SWDY.CA,48.7%,🟢 دخول خفيف (BUY),114.68
2026-08-16,MASR.CA,54.5%,🟢 دخول خفيف (BUY),8.0
2026-08-16,HELI.CA,50.1%,🟢 دخول خفيف (BUY),8.33
2026-08-16,ABUK.CA,46.9%,🟢 دخول خفيف (BUY),81.76
2026-08-16,ALCN.CA,48.8%,🟢 دخول خفيف (BUY),33.46
2026-08-16,ADIB.CA,46.2%,🟢 دخول خفيف (BUY),57.53
2026-08-16,EXPA.CA,47.7%,🟢 دخول خفيف (BUY),22.36
2026-08-16,ORWE.CA,46.9%,🟡 احتفاظ كاش (CASH),27.4
2026-08-16,COMI.CA,48.8%,🟡 احتفاظ كاش (CASH),145.85
2026-08-16,TMGH.CA,49.5%,🟡 احتفاظ كاش (CASH),102.61
2026-08-16,ISPH.CA,48.7%,🟡 احتفاظ كاش (CASH),14.92
2026-08-16,CLHO.CA,48.8%,🟡 احتفاظ كاش (CASH),18.23
2026-08-16,BINV.CA,48.3%,🟡 احتفاظ كاش (CASH),51.66
2026-08-16,FWRY.CA,49.2%,🟡 احتفاظ كاش (CASH),19.94
2026-08-16,CICH.CA,48.3%,🟡 احتفاظ كاش (CASH),13.24
2026-08-16,SKPC.CA,48.3%,🟡 احتفاظ كاش (CASH),17.42
2026-08-16,HRHO.CA,49.4%,🟡 احتفاظ كاش (CASH),27.93
2026-08-16,PHDC.CA,46.8%,🟡 احتفاظ كاش (CASH),16.04
2026-08-16,ESRS.CA,49.2%,🟡 احتفاظ كاش (CASH),140.48
2026-08-17,GBCO.CA,52.0%,🟢 اقتناص القمة (STRONG BUY),32.44
2026-08-17,AMOC.CA,50.0%,🟢 اقتناص القمة (STRONG BUY),11.67
2026-08-17,MFPC.CA,48.3%,🟢 دخول خفيف (BUY),42.89
2026-08-17,JUFO.CA,55.3%,🟡 احتفاظ كاش (CASH),29.85
2026-08-17,ETEL.CA,49.0%,🟢 دخول خفيف (BUY),126.1
2026-08-17,EGAL.CA,48.3%,🟢 دخول خفيف (BUY),366.14
2026-08-17,RAYA.CA,54.4%,🟡 احتفاظ كاش (CASH),7.59
2026-08-17,MASR.CA,55.7%,🟢 دخول خفيف (BUY),8.09
2026-08-17,TMGH.CA,51.1%,🟢 دخول خفيف (BUY),102.76
2026-08-17,RMDA.CA,48.3%,🔴 دخول ملغي (NO TRADE) - INVALID_PULLBACK_ENTRY,6.86
2026-08-17,DOMT.CA,49.0%,🟢 دخول خفيف (BUY),31.44
2026-08-17,SWDY.CA,49.0%,🟢 دخول خفيف (BUY),128.89
2026-08-17,ABUK.CA,46.8%,🟢 دخول خفيف (BUY),83.79
2026-08-17,HELI.CA,51.6%,🔴 دخول ملغي (NO TRADE) - INVALID_PULLBACK_ENTRY,8.17
2026-08-17,ALCN.CA,48.3%,🟢 دخول خفيف (BUY),33.5
2026-08-17,ADIB.CA,46.5%,🟢 دخول خفيف (BUY),57.99
2026-08-17,FWRY.CA,50.0%,🟡 احتفاظ كاش (CASH),20.27
2026-08-17,EXPA.CA,46.5%,🟡 احتفاظ كاش (CASH),22.23
2026-08-17,ORWE.CA,47.8%,🟡 احتفاظ كاش (CASH),27.87
2026-08-17,ISPH.CA,49.0%,🔴 دخول ملغي (NO TRADE) - INVALID_PULLBACK_ENTRY,14.41
2026-08-17,COMI.CA,49.0%,🟡 احتفاظ كاش (CASH),146.62
2026-08-17,CLHO.CA,49.0%,🟡 احتفاظ كاش (CASH),18.4
2026-08-17,BINV.CA,47.2%,🟡 احتفاظ كاش (CASH),50.78
2026-08-17,CICH.CA,48.3%,🟡 احتفاظ كاش (CASH),13.28
2026-08-17,SKPC.CA,48.3%,🟡 احتفاظ كاش (CASH),17.83
2026-08-17,HRHO.CA,50.0%,🔴 دخول ملغي (NO TRADE) - INVALID_PULLBACK_ENTRY,27.56
2026-08-17,PHDC.CA,49.2%,🟡 احتفاظ كاش (CASH),16.03
2026-08-17,ESRS.CA,49.5%,🟡 احتفاظ كاش (CASH),140.58
2026-08-18,GBCO.CA,48.1%,🔴 دخول ملغي (NO TRADE) - INVALID_PULLBACK_ENTRY,32.09
2026-08-18,ETEL.CA,44.8%,🟢 دخول خفيف (BUY),122.88
2026-08-18,JUFO.CA,52.1%,🟡 احتفاظ كاش (CASH),29.15
2026-08-18,AMOC.CA,47.2%,🟢 دخول خفيف (BUY),12.28
2026-08-18,RMDA.CA,46.8%,🟢 دخول خفيف (BUY),7.02
2026-08-18,EGAL.CA,46.8%,🟢 دخول خفيف (BUY),356.17
2026-08-18,RAYA.CA,52.8%,🟡 احتفاظ كاش (CASH),7.57
2026-08-18,DOMT.CA,46.5%,🟢 دخول خفيف (BUY),30.84
2026-08-18,MFPC.CA,46.5%,🟢 دخول خفيف (BUY),41.56
2026-08-18,SWDY.CA,46.8%,🟢 دخول خفيف (BUY),129.3
2026-08-18,ABUK.CA,44.2%,🟢 دخول خفيف (BUY),81.66
2026-08-18,BINV.CA,47.0%,🟢 دخول خفيف (BUY),50.77
2026-08-18,ALCN.CA,46.0%,🟢 دخول خفيف (BUY),32.86
2026-08-18,MASR.CA,53.2%,🟡 احتفاظ كاش (CASH),8.11
2026-08-18,HELI.CA,52.9%,🔴 دخول ملغي (NO TRADE) - INVALID_PULLBACK_ENTRY,8.06
2026-08-18,EXPA.CA,43.8%,🟢 دخول خفيف (BUY),22.24
2026-08-18,ORWE.CA,46.3%,🔴 دخول ملغي (NO TRADE) - INVALID_PULLBACK_ENTRY,27.03
2026-08-18,ADIB.CA,46.4%,🟡 احتفاظ كاش (CASH),58.0
2026-08-18,CLHO.CA,52.6%,🟡 احتفاظ كاش (CASH),18.36
2026-08-18,TMGH.CA,49.1%,🟡 احتفاظ كاش (CASH),101.03
2026-08-18,ISPH.CA,46.8%,🟡 احتفاظ كاش (CASH),14.82
2026-08-18,FWRY.CA,47.0%,🟡 احتفاظ كاش (CASH),20.03
2026-08-18,CICH.CA,46.8%,🟡 احتفاظ كاش (CASH),13.29
2026-08-18,HRHO.CA,47.0%,🔴 دخول ملغي (NO TRADE) - INVALID_PULLBACK_ENTRY,27.7
2026-08-18,SKPC.CA,46.5%,🟡 احتفاظ كاش (CASH),17.6
2026-08-18,PHDC.CA,46.5%,🟡 احتفاظ كاش (CASH),16.42
2026-08-18,ESRS.CA,48.9%,🟡 احتفاظ كاش (CASH),140.31
2026-08-23,AMOC.CA,48.7%,🟢 دخول خفيف (BUY),11.83
2026-08-23,BINV.CA,48.9%,🟢 دخول خفيف (BUY),50.67
2026-08-23,ALCN.CA,47.7%,🟢 دخول خفيف (BUY),33.15
2026-08-23,DOMT.CA,48.7%,🟡 احتفاظ كاش (CASH),29.99
2026-08-23,ISPH.CA,49.9%,🟡 احتفاظ كاش (CASH),14.63
2026-08-23,HELI.CA,51.9%,🟢 دخول خفيف (BUY),8.12
2026-08-23,GBCO.CA,53.0%,🟡 احتفاظ كاش (CASH),31.14
2026-08-23,JUFO.CA,47.9%,🟡 احتفاظ كاش (CASH),28.48
2026-08-23,SWDY.CA,47.8%,🟢 دخول خفيف (BUY),131.7
2026-08-23,CLHO.CA,48.0%,🟢 دخول خفيف (BUY),18.7
2026-08-23,FWRY.CA,48.1%,🟢 دخول خفيف (BUY),20.0
2026-08-23,SKPC.CA,46.6%,🟢 دخول خفيف (BUY),18.18
2026-08-23,ETEL.CA,47.7%,🟢 دخول خفيف (BUY),125.74
2026-08-23,MASR.CA,49.8%,🟡 احتفاظ كاش (CASH),8.08
2026-08-23,TMGH.CA,47.9%,🟢 دخول خفيف (BUY),101.86
2026-08-23,HRHO.CA,48.7%,🟡 احتفاظ كاش (CASH),27.38
2026-08-23,EGAL.CA,48.0%,🟢 دخول خفيف (BUY),351.12
2026-08-23,PHDC.CA,47.8%,🟢 دخول خفيف (BUY),15.87
2026-08-23,RAYA.CA,49.7%,🟡 احتفاظ كاش (CASH),7.38
2026-08-23,ORWE.CA,47.7%,🟡 احتفاظ كاش (CASH),27.42
2026-08-23,MFPC.CA,46.8%,🟡 احتفاظ كاش (CASH),40.89
2026-08-23,ESRS.CA,47.8%,🟡 احتفاظ كاش (CASH),139.3
2026-08-23,COMI.CA,47.9%,🟡 احتفاظ كاش (CASH),144.56
2026-08-23,CICH.CA,49.2%,🟡 احتفاظ كاش (CASH),12.78
2026-08-23,ADIB.CA,46.7%,🟡 احتفاظ كاش (CASH),56.66
2026-08-23,RMDA.CA,48.5%,🟡 احتفاظ كاش (CASH),6.93
2026-08-23,ABUK.CA,47.5%,🟡 احتفاظ كاش (CASH),79.95
2026-08-23,EXPA.CA,47.0%,🟡 احتفاظ كاش (CASH),21.17
2026-08-24,MASR.CA,50.7%,🟡 احتفاظ كاش (CASH),7.99
2026-08-24,RAYA.CA,50.7%,🟡 احتفاظ كاش (CASH),7.37
2026-08-24,SWDY.CA,47.5%,🟢 دخول خفيف (BUY),139.59
2026-08-24,AMOC.CA,46.9%,🟢 دخول خفيف (BUY),11.78
2026-08-24,HELI.CA,52.2%,🔴 دخول ملغي (NO TRADE) - INVALID_PULLBACK_ENTRY,7.84
2026-08-24,SKPC.CA,45.5%,🟢 دخول خفيف (BUY),18.23
2026-08-24,CLHO.CA,47.6%,🟢 دخول خفيف (BUY),18.29
2026-08-24,ETEL.CA,47.0%,🟢 دخول خفيف (BUY),123.09
2026-08-24,TMGH.CA,48.5%,🟢 دخول خفيف (BUY),102.62
2026-08-24,FWRY.CA,47.6%,🟢 دخول خفيف (BUY),19.95
2026-08-24,JUFO.CA,47.9%,🟡 احتفاظ كاش (CASH),28.58
2026-08-24,GBCO.CA,55.9%,🟡 احتفاظ كاش (CASH),31.38
2026-08-24,ADIB.CA,46.3%,🟢 دخول خفيف (BUY),56.65
2026-08-24,PHDC.CA,47.5%,🔴 دخول ملغي (NO TRADE) - INVALID_PULLBACK_ENTRY,15.46
2026-08-24,ORWE.CA,45.9%,🟢 دخول خفيف (BUY),28.0
2026-08-24,COMI.CA,48.7%,🟢 دخول خفيف (BUY),146.05
2026-08-24,MFPC.CA,45.4%,🟡 احتفاظ كاش (CASH),42.02
2026-08-24,BINV.CA,49.2%,🟡 احتفاظ كاش (CASH),51.11
2026-08-24,EGAL.CA,46.5%,🟡 احتفاظ كاش (CASH),365.38
2026-08-24,RMDA.CA,47.0%,🟡 احتفاظ كاش (CASH),6.57
2026-08-24,ABUK.CA,45.6%,🟡 احتفاظ كاش (CASH),80.38
2026-08-24,ALCN.CA,46.3%,🟡 احتفاظ كاش (CASH),32.53
2026-08-24,HRHO.CA,49.4%,🟡 احتفاظ كاش (CASH),27.32
2026-08-24,EXPA.CA,49.1%,🔴 دخول ملغي (NO TRADE) - INVALID_PULLBACK_ENTRY,20.95
2026-08-24,ESRS.CA,48.6%,🟡 احتفاظ كاش (CASH),140.42
2026-08-24,ISPH.CA,48.1%,🟡 احتفاظ كاش (CASH),14.36
2026-08-24,CICH.CA,48.9%,🟡 احتفاظ كاش (CASH),13.07
2026-08-24,DOMT.CA,48.0%,🟡 احتفاظ كاش (CASH),29.81
2026-08-25,SWDY.CA,48.0%,🟢 دخول خفيف (BUY),136.45
2026-08-25,FWRY.CA,47.8%,🟡 احتفاظ كاش (CASH),19.86
2026-08-25,HELI.CA,54.2%,🔴 دخول ملغي (NO TRADE) - INVALID_PULLBACK_ENTRY,7.74
2026-08-25,JUFO.CA,50.1%,🟡 احتفاظ كاش (CASH),28.2
2026-08-25,BINV.CA,49.5%,🟢 دخول خفيف (BUY),51.16
2026-08-25,MASR.CA,51.3%,🟡 احتفاظ كاش (CASH),7.96
2026-08-25,GBCO.CA,51.0%,🔴 دخول ملغي (NO TRADE) - INVALID_PULLBACK_ENTRY,29.87
2026-08-25,MFPC.CA,45.9%,🟢 دخول خفيف (BUY),41.35
2026-08-25,TMGH.CA,49.7%,🟢 دخول خفيف (BUY),103.48
2026-08-25,SKPC.CA,45.8%,🟢 دخول خفيف (BUY),18.31
2026-08-25,RAYA.CA,51.7%,🟡 احتفاظ كاش (CASH),7.62
2026-08-25,ORWE.CA,46.4%,🟢 دخول خفيف (BUY),27.5
2026-08-25,CLHO.CA,48.2%,🟢 دخول خفيف (BUY),18.39
2026-08-25,EGAL.CA,46.9%,🟢 دخول خفيف (BUY),376.26
2026-08-25,CICH.CA,49.6%,🟢 دخول خفيف (BUY),12.81
2026-08-25,PHDC.CA,54.8%,🟡 احتفاظ كاش (CASH),15.6
2026-08-25,ABUK.CA,46.1%,🟡 احتفاظ كاش (CASH),80.1
2026-08-25,ETEL.CA,47.5%,🟡 احتفاظ كاش (CASH),122.67
2026-08-25,HRHO.CA,50.4%,🔴 دخول ملغي (NO TRADE) - INVALID_PULLBACK_ENTRY,27.06
2026-08-25,ADIB.CA,46.7%,🟡 احتفاظ كاش (CASH),56.23
2026-08-25,AMOC.CA,47.5%,🔴 دخول ملغي (NO TRADE) - INVALID_PULLBACK_ENTRY,11.61
2026-08-25,ALCN.CA,46.8%,🟡 احتفاظ كاش (CASH),32.17
2026-08-25,COMI.CA,48.5%,🟡 احتفاظ كاش (CASH),148.09
2026-08-25,ESRS.CA,48.3%,🟡 احتفاظ كاش (CASH),140.43
2026-08-25,RMDA.CA,55.8%,🟡 احتفاظ كاش (CASH),6.64
2026-08-25,ISPH.CA,49.9%,🟡 احتفاظ كاش (CASH),14.08
2026-08-25,DOMT.CA,48.4%,🔴 دخول ملغي (NO TRADE) - INVALID_PULLBACK_ENTRY,29.33
2026-08-25,EXPA.CA,54.5%,🟡 احتفاظ كاش (CASH),21.0
2026-08-26,ABUK.CA,46.8%,🟡 احتفاظ كاش (CASH),79.19
2026-08-26,MFPC.CA,43.0%,🟢 دخول خفيف (BUY),41.17
2026-08-26,JUFO.CA,47.6%,🟡 احتفاظ كاش (CASH),28.46
2026-08-26,GBCO.CA,53.7%,🟡 احتفاظ كاش (CASH),30.15
2026-08-26,RAYA.CA,49.8%,🟡 احتفاظ كاش (CASH),7.73
2026-08-26,MASR.CA,49.9%,🟡 احتفاظ كاش (CASH),7.89
2026-08-26,HELI.CA,54.7%,🟡 احتفاظ كاش (CASH),8.04
2026-08-26,TMGH.CA,48.7%,🟡 احتفاظ كاش (CASH),101.79
2026-08-26,EGAL.CA,46.5%,🟢 دخول خفيف (BUY),387.94
2026-08-26,SKPC.CA,44.4%,🟢 دخول خفيف (BUY),17.98
2026-08-26,PHDC.CA,51.7%,🟡 احتفاظ كاش (CASH),15.34
2026-08-26,CLHO.CA,45.8%,🟢 دخول خفيف (BUY),18.28
2026-08-26,BINV.CA,46.5%,🟢 دخول خفيف (BUY),51.08
2026-08-26,ISPH.CA,49.3%,🟢 دخول خفيف (BUY),13.72
2026-08-26,SWDY.CA,46.6%,🟢 دخول خفيف (BUY),137.62
2026-08-26,RMDA.CA,48.8%,🟢 دخول خفيف (BUY),6.6
2026-08-26,ORWE.CA,45.4%,🟢 دخول خفيف (BUY),26.76
2026-08-26,AMOC.CA,52.0%,🟡 احتفاظ كاش (CASH),11.59
2026-08-26,ETEL.CA,46.8%,🟡 احتفاظ كاش (CASH),121.47
2026-08-26,CICH.CA,48.0%,🟡 احتفاظ كاش (CASH),12.85
2026-08-26,DOMT.CA,45.8%,🟡 احتفاظ كاش (CASH),30.06
2026-08-26,ALCN.CA,45.4%,🟡 احتفاظ كاش (CASH),31.63
2026-08-26,ESRS.CA,46.8%,🟡 احتفاظ كاش (CASH),139.86
2026-08-26,ADIB.CA,45.5%,🟡 احتفاظ كاش (CASH),56.26
2026-08-26,HRHO.CA,50.7%,🟡 احتفاظ كاش (CASH),27.07
2026-08-26,COMI.CA,46.6%,🟡 احتفاظ كاش (CASH),145.39
2026-08-26,FWRY.CA,46.7%,🟡 احتفاظ كاش (CASH),19.68
2026-08-26,EXPA.CA,51.6%,🟡 احتفاظ كاش (CASH),20.87
2026-08-27,MASR.CA,50.8%,🟡 احتفاظ كاش (CASH),7.91
2026-08-27,RAYA.CA,50.5%,🟡 احتفاظ كاش (CASH),7.75
2026-08-27,HELI.CA,57.0%,🟡 احتفاظ كاش (CASH),8.06
2026-08-27,JUFO.CA,47.0%,🟡 احتفاظ كاش (CASH),28.55
2026-08-27,SKPC.CA,42.1%,🟢 دخول خفيف (BUY),18.04
2026-08-27,GBCO.CA,58.1%,🟡 احتفاظ كاش (CASH),30.12
2026-08-27,PHDC.CA,51.3%,🟡 احتفاظ كاش (CASH),15.39
2026-08-27,EGAL.CA,43.4%,🟢 دخول خفيف (BUY),389.95
2026-08-27,BINV.CA,46.4%,🟢 دخول خفيف (BUY),51.23
2026-08-27,ORWE.CA,44.6%,🟢 دخول خفيف (BUY),26.85
2026-08-27,HRHO.CA,52.1%,🟡 احتفاظ كاش (CASH),27.13
2026-08-27,CLHO.CA,45.0%,🟢 دخول خفيف (BUY),18.33
2026-08-27,MFPC.CA,42.1%,🟢 دخول خفيف (BUY),41.22
2026-08-27,SWDY.CA,44.3%,🟢 دخول خفيف (BUY),137.97
2026-08-27,ISPH.CA,48.9%,🟢 دخول خفيف (BUY),13.78
2026-08-27,RMDA.CA,48.1%,🟢 دخول خفيف (BUY),6.62
2026-08-27,AMOC.CA,52.2%,🟡 احتفاظ كاش (CASH),11.64
2026-08-27,ETEL.CA,44.2%,🟡 احتفاظ كاش (CASH),121.93
2026-08-27,ALCN.CA,44.6%,🟡 احتفاظ كاش (CASH),31.74
2026-08-27,CICH.CA,48.2%,🟡 احتفاظ كاش (CASH),12.89
2026-08-27,ABUK.CA,42.9%,🟡 احتفاظ كاش (CASH),79.37
2026-08-27,ADIB.CA,43.4%,🟡 احتفاظ كاش (CASH),56.46
2026-08-27,TMGH.CA,49.5%,🟡 احتفاظ كاش (CASH),102.09
2026-08-27,DOMT.CA,46.5%,🟡 احتفاظ كاش (CASH),30.17
2026-08-27,FWRY.CA,47.1%,🟡 احتفاظ كاش (CASH),19.74
2026-08-27,EXPA.CA,53.5%,🟡 احتفاظ كاش (CASH),20.93
2026-08-27,COMI.CA,45.7%,🟡 احتفاظ كاش (CASH),145.83
2026-08-28,DOMT.CA,46.2%,🟢 دخول خفيف (BUY),30.13
2026-08-28,HELI.CA,54.1%,🟢 دخول خفيف (BUY),8.06
2026-08-28,JUFO.CA,47.3%,🟡 احتفاظ كاش (CASH),28.5
2026-08-28,RMDA.CA,50.1%,🟢 اقتناص القمة (STRONG BUY),6.58
2026-08-28,EGAL.CA,46.1%,🟢 دخول خفيف (BUY),390.16
2026-08-28,RAYA.CA,50.3%,🟡 احتفاظ كاش (CASH),7.74
2026-08-28,SWDY.CA,46.5%,🟢 دخول خفيف (BUY),137.93
2026-08-28,GBCO.CA,55.4%,🟡 احتفاظ كاش (CASH),30.03
2026-08-28,ISPH.CA,50.7%,🟢 اقتناص القمة (STRONG BUY),13.75
2026-08-28,BINV.CA,47.8%,🟢 دخول خفيف (BUY),51.14
2026-08-28,CLHO.CA,47.2%,🟢 دخول خفيف (BUY),18.3
2026-08-28,ORWE.CA,49.5%,🟢 دخول خفيف (BUY),26.88
2026-08-28,COMI.CA,47.7%,🟢 دخول خفيف (BUY),145.65
2026-08-28,TMGH.CA,49.9%,🟡 احتفاظ كاش (CASH),101.97
2026-08-28,PHDC.CA,51.4%,🟡 احتفاظ كاش (CASH),15.37
2026-08-28,MASR.CA,51.7%,🟡 احتفاظ كاش (CASH),7.9
2026-08-28,CICH.CA,50.8%,🟡 احتفاظ كاش (CASH),12.86
2026-08-28,ETEL.CA,45.2%,🟡 احتفاظ كاش (CASH),121.61
2026-08-28,MFPC.CA,44.9%,🟡 احتفاظ كاش (CASH),41.14
2026-08-28,AMOC.CA,46.4%,🟡 احتفاظ كاش (CASH),11.62
2026-08-28,ALCN.CA,49.5%,🟡 احتفاظ كاش (CASH),31.7
2026-08-28,FWRY.CA,48.1%,🟡 احتفاظ كاش (CASH),19.71
2026-08-28,HRHO.CA,52.6%,🟡 احتفاظ كاش (CASH),27.08
2026-08-28,ABUK.CA,45.1%,🟡 احتفاظ كاش (CASH),79.23
2026-08-28,ADIB.CA,45.3%,🟡 احتفاظ كاش (CASH),56.36
2026-08-28,SKPC.CA,45.4%,🟡 احتفاظ كاش (CASH),18.0
2026-08-28,EXPA.CA,50.0%,🟡 احتفاظ كاش (CASH),20.89
