ticker,raw_pnl,tot_fee,net_pnl,implied_per_side_rate
FWRY.CA,-596.6400000000001,87.30000000000001,-683.94,0.004499791963385556
ISPH.CA,464.80200000000127,83.62,381.18200000000127,0.004500149011556675
ESRS.CA,1021.9499999999991,94.41999999999999,927.5299999999992,0.004499752017674376
TMGH.CA,1053.325000000001,94.58,958.7450000000009,0.004499973953846216
ISPH.CA,850.6400000000003,75.38,775.2600000000003,0.004500130803131226
PHDC.CA,725.5,74.83,650.67,0.004499791233833198
HRHO.CA,517.5979999999989,83.85,433.7479999999989,0.004500545453742431
SWDY.CA,-47.37599999999946,81.21000000000001,-128.58599999999947,0.004499585520862117
ISPH.CA,717.3599999999999,80.09,637.2699999999999,0.0045
ESRS.CA,-260.5799999999998,70.25,-330.8299999999998,0.004499419145274161
ISPH.CA,1395.8700000000001,91.43,1304.44,0.004499762169018551
TMGH.CA,352.51700000000034,93.28999999999999,259.2270000000003,0.004499867015925701
FWRY.CA,701.7599999999995,79.97999999999999,621.7799999999995,0.004500103100513627
HRHO.CA,-500.65599999999864,74.59,-575.2459999999986,0.004500093703148427
COMI.CA,-601.7259999999999,82.44999999999999,-684.1759999999999,0.004500343497331289
PHDC.CA,287.2799999999995,85.18,202.0999999999995,0.0044996910083427745
ESRS.CA,834.7200000000003,97.69999999999999,737.0200000000002,0.004499805043575396
TMGH.CA,937.2649999999986,90.72,846.5449999999986,0.004499691524037716
HRHO.CA,-509.74899999999946,91.50999999999999,-601.2589999999994,0.0044998368929058015
PHDC.CA,-887.8400000000001,72.3,-960.1400000000001,0.0045001792994111426
ESRS.CA,888.1599999999992,80.06,808.0999999999992,0.004500037865162157
SWDY.CA,369.71999999999997,95.62,274.09999999999997,0.0045000646561013805
ISPH.CA,0.0,93.98,-93.98,0.004500440562387465
TMGH.CA,-96.32399999999993,75.66999999999999,-171.99399999999991,0.004499619808733637
PHDC.CA,1005.7500000000001,99.4,906.3500000000001,0.004500201579434155
FWRY.CA,-36.59999999999922,94.03999999999999,-130.63999999999922,0.004499598761893844
PHDC.CA,838.35,89.00999999999999,749.34,0.004500409176104115
SWDY.CA,485.6039999999997,87.31,398.2939999999997,0.004499537465309899
ISPH.CA,934.4790000000005,99.09,835.3890000000005,0.004499736313934385
ETEL.CA,263.0999999999986,95.96000000000001,167.1399999999986,0.0045004748338081674
TMGH.CA,1302.452,94.65,1207.802,0.004499600621165862
FWRY.CA,-340.3799999999995,94.45,-434.8299999999995,0.004499664330104152
ESRS.CA,394.83000000000095,97.31,297.52000000000095,0.004500277911237977
HRHO.CA,763.6559999999995,92.78,670.8759999999995,0.004500120889748549
PHDC.CA,835.75,101.53999999999999,734.21,0.004499873443935663
SWDY.CA,759.4239999999994,101.16,658.2639999999994,0.004499635388660955
ISPH.CA,-1427.0409999999995,82.92,-1509.9609999999996,0.004500333973743519
ESRS.CA,-690.7999999999995,65.83,-756.6299999999995,0.004499765025325049
PHDC.CA,-695.9500000000002,66.37,-762.3200000000002,0.004499663334541876
ISPH.CA,1944.6720000000003,106.51,1838.1620000000003,0.004500423525945568
HRHO.CA,1102.1740000000011,102.62,999.5540000000011,0.0045004193509737235
PHDC.CA,1031.3599999999994,102.4,928.9599999999995,0.004500295078676906
HELI.CA,582.8370000000001,101.27000000000001,481.5670000000001,0.004499802928338905
TMGH.CA,1235.8199999999997,105.28999999999999,1130.5299999999997,0.004499553293445597
SWDY.CA,1187.4069999999997,103.96000000000001,1083.4469999999997,0.004500364610760901
PHDC.CA,1256.8600000000001,77.03999999999999,1179.8200000000002,0.004499938218836446
ETEL.CA,1080.9539999999997,103.44999999999999,977.5039999999997,0.004499545389814541
COMI.CA,-754.2000000000008,95.89,-850.0900000000008,0.004500045326806272
FWRY.CA,1285.2599999999995,77.18,1208.0799999999995,0.004500370618756839
SWDY.CA,752.4639999999999,78.96000000000001,673.5039999999999,0.004500363220635697
HRHO.CA,-244.49600000000095,70.30000000000001,-314.79600000000096,0.004499775011249437
SWDY.CA,1099.0560000000003,102.08,996.9760000000002,0.004500422522682797
SWDY.CA,2528.372000000001,106.34,2422.032000000001,0.004499586811320611
ISPH.CA,-1283.3599999999997,97.78999999999999,-1381.1499999999996,0.004499850091900183
HRHO.CA,869.8860000000002,99.11,770.7760000000002,0.004500058614208841
HRHO.CA,936.6239999999996,92.43,844.1939999999995,0.004499955112667205
FWRY.CA,2324.8400000000006,98.69999999999999,2226.140000000001,0.0044998551723856575
SWDY.CA,1491.250000000001,94.97,1396.2800000000009,0.00449961763956156
ETEL.CA,-608.7270000000007,94.4,-703.1270000000006,0.00449969288692773
HRHO.CA,-1919.0239999999988,103.37,-2022.3939999999989,0.004499784653163028
TMGH.CA,-2172.725999999999,100.72,-2273.445999999999,0.0044999918552183615
COMI.CA,-843.5999999999992,107.96000000000001,-951.5599999999993,0.004500281871627608
SWDY.CA,-2124.8759999999984,102.2,-2227.075999999998,0.004499955709097352
FWRY.CA,-1752.6600000000012,103.07,-1855.7300000000012,0.0045001273467904545
TMGH.CA,1305.9900000000007,109.47,1196.5200000000007,0.004500395304993006
FWRY.CA,-128.6400000000001,103.03999999999999,-231.6800000000001,0.0045000208454932045
TMGH.CA,-1379.7540000000006,87.6,-1467.3540000000005,0.004499629668006002
PHDC.CA,-1269.6599999999999,99.03,-1368.6899999999998,0.004499701423287265
SWDY.CA,-647.2839999999993,90.78,-738.0639999999993,0.004500316030730867
SWDY.CA,2654.5860000000007,113.07,2541.5160000000005,0.00449993413862218
PHDC.CA,922.3199999999994,107.61,814.7099999999994,0.004499802541044496
MFPC.CA,-1609.3950000000016,96.05,-1705.4450000000015,0.004500324563581787
ISPH.CA,-139.7739999999992,92.24000000000001,-232.0139999999992,0.004499637063519215
ESRS.CA,1160.0,107.82,1052.18,0.0045
HRHO.CA,1230.6709999999991,108.28,1122.3909999999992,0.0045000928576684664
SWDY.CA,106.09199999999984,103.22,2.8719999999998436,0.004499982480114931
HRHO.CA,769.6260000000003,85.51,684.1160000000003,0.00449984971247913
ISPH.CA,1362.8159999999993,111.89,1250.9259999999992,0.0044996051036943225
PHDC.CA,768.0599999999997,85.59,682.4699999999997,0.004500151210340158
ESRS.CA,698.3400000000008,84.84,613.5000000000008,0.004500241812258946
PHDC.CA,1053.2699999999995,91.46000000000001,961.8099999999995,0.004499652356194805
SWDY.CA,-1141.4759999999999,102.54,-1244.0159999999998,0.004500392864904626
FWRY.CA,780.5200000000007,90.24000000000001,690.2800000000007,0.0044995963231158455
TMGH.CA,75.27599999999936,87.0,-11.724000000000643,0.004500209795148539
ESRS.CA,-41.16000000000017,106.45,-147.61000000000018,0.004500261643118787
TMGH.CA,-634.248,104.7,-738.9480000000001,0.004500376983977554
HRHO.CA,-234.5,86.91,-321.40999999999997,0.004499711478254464
ISPH.CA,-47.40400000000079,87.85,-135.2540000000008,0.004499496195406691
ETEL.CA,517.1309999999991,90.33,426.8009999999991,0.004500054205198381
PHDC.CA,-933.4800000000008,103.85,-1037.3300000000008,0.004500403562007365
FWRY.CA,-738.0000000000002,104.74000000000001,-842.7400000000002,0.004500249875062469
SWDY.CA,-1076.8649999999998,101.87,-1178.7349999999997,0.004500105418511491
ESRS.CA,1357.4399999999998,80.27,1277.1699999999998,0.004500229380623769
COMI.CA,-118.26899999999941,106.37,-224.6389999999994,0.004500146917799281
ETEL.CA,-176.09199999999976,73.42,-249.51199999999977,0.004500363812757701
PHDC.CA,949.6199999999998,109.08,840.5399999999997,0.00449965393882875
ESRS.CA,898.5600000000009,100.19999999999999,798.3600000000008,0.004500001871880979
ISPH.CA,1639.610000000001,112.19999999999999,1527.410000000001,0.00450002575859049
PHDC.CA,2031.9199999999998,115.34,1916.58,0.004500385202462244
FWRY.CA,1738.4400000000003,112.6,1625.8400000000004,0.0044999776676046275
HRHO.CA,1345.9159999999988,112.1,1233.815999999999,0.004499626587005228
TMGH.CA,-132.10799999999927,104.28999999999999,-236.39799999999926,0.004499981979477199
ESRS.CA,1184.07,79.87,1104.1999999999998,0.004500376138225666
SWDY.CA,158.35500000000013,106.91,51.445000000000135,0.0045003813882532415
ESRS.CA,-1136.32,98.59,-1234.9099999999999,0.004499594732740561
TMGH.CA,21.800000000000352,104.18,-82.37999999999965,0.0045001729505361465
FWRY.CA,926.7499999999997,116.39,810.3599999999997,0.004499959900553373
ESRS.CA,1033.980000000001,106.36,927.6200000000009,0.004499673475022167
ISPH.CA,1166.961,115.73,1051.231,0.004500221996830945
SWDY.CA,-240.90300000000005,111.06,-351.9630000000001,0.004499819429396894
HRHO.CA,434.875,104.08000000000001,330.79499999999996,0.004500062133642856
PHDC.CA,285.7599999999987,103.52,182.2399999999987,0.004500412009550169
ESRS.CA,1081.2000000000003,106.69,974.5100000000002,0.004499559854486833
SWDY.CA,1106.6219999999998,120.0,986.6219999999998,0.004499683120906978
ETEL.CA,-98.01999999999924,109.86,-207.87999999999926,0.004499737685282717
TMGH.CA,186.8159999999998,102.66,84.1559999999998,0.004500275797691786
FWRY.CA,538.1999999999983,104.52,433.67999999999836,0.004500334990655524
ESRS.CA,-934.5,87.91,-1022.41,0.0045002442598925255
PHDC.CA,-711.4500000000003,89.86,-801.3100000000003,0.004500113155649949
HRHO.CA,-1074.2729999999992,88.15,-1162.4229999999993,0.004499882881086555
FWRY.CA,-1049.9999999999989,101.74,-1151.7399999999989,0.004499577345731192
TMGH.CA,-45.066000000000265,106.25999999999999,-151.32600000000025,0.00450003001147199
ESRS.CA,-305.76000000000045,104.64,-410.40000000000043,0.004499938880286855
FWRY.CA,13.479999999999713,93.96000000000001,-80.4800000000003,0.004499919490258322
ISPH.CA,-566.5759999999987,91.37,-657.9459999999987,0.00449988165771194
SWDY.CA,195.6000000000003,113.22,82.38000000000031,0.004499719618681407
ESRS.CA,1089.2700000000002,115.62,973.6500000000002,0.0045003080955144876
ISPH.CA,1180.4900000000007,117.47,1063.0200000000007,0.004500051355792933
TMGH.CA,608.2560000000005,115.49000000000001,492.76600000000053,0.004500319284802044
ETEL.CA,151.22100000000054,113.44,37.781000000000546,0.004500103762591192
FWRY.CA,404.8400000000013,103.46000000000001,301.38000000000125,0.004499877807332269
ISPH.CA,-324.20500000000004,100.19999999999999,-424.40500000000003,0.004500002213260974
SWDY.CA,83.97900000000135,101.66,-17.680999999998647,0.004499749421536953
TMGH.CA,-609.5,111.75999999999999,-721.26,0.004500036157495764
ESRS.CA,-160.5999999999993,112.6,-273.1999999999993,0.004500182675964609
ISPH.CA,1346.8349999999996,108.38,1238.4549999999995,0.004500130183594051
ISPH.CA,1414.739999999999,108.74,1305.999999999999,0.0044998004581551084
FWRY.CA,1004.3999999999984,106.84,897.5599999999984,0.0044998570706071194
PHDC.CA,1260.92,120.53,1140.39,0.004500296989823984
SWDY.CA,-209.27999999999884,101.03999999999999,-310.3199999999988,0.0045002188770899235
ISPH.CA,1309.5920000000008,120.75,1188.8420000000008,0.004500360467667617
COMI.CA,-401.11199999999985,112.47,-513.5819999999999,0.004500077180182649
FWRY.CA,-567.1699999999996,101.43,-668.5999999999997,0.004499568996853158
PHDC.CA,72.80000000000007,104.34,-31.539999999999935,0.0045003028467595395
ESRS.CA,28.889999999999574,103.87,-74.98000000000043,0.004499826929733471
ETEL.CA,-855.9650000000006,112.57,-968.5350000000005,0.004499758430766257
PHDC.CA,958.0500000000004,120.23,837.8200000000004,0.0044998427849958665
PHDC.CA,940.1600000000009,108.69,831.4700000000009,0.004499731205028533
ISPH.CA,1740.671000000001,123.83,1616.841000000001,0.004500090389746622
ISPH.CA,-1007.6240000000003,115.58000000000001,-1123.2040000000002,0.004500305715073551
ESRS.CA,1086.7499999999993,109.17,977.5799999999994,0.004500375462855071
PHDC.CA,-572.5500000000001,104.38,-676.9300000000001,0.004499884305517575
FWRY.CA,-264.2899999999993,105.73,-370.0199999999993,0.004500325781159243
ETEL.CA,-170.45499999999953,105.99000000000001,-276.44499999999954,0.004499894625922023
ISPH.CA,420.0000000000004,86.95,333.0500000000004,0.0045005291005291
PHDC.CA,130.41000000000108,85.61,44.80000000000108,0.004499612595104726
HELI.CA,1115.8900000000012,122.47999999999999,993.4100000000012,0.004500127962092571
SWDY.CA,-510.6789999999993,115.27000000000001,-625.9489999999993,0.004499794072030389
ISPH.CA,-1289.638,100.14,-1389.778,0.00449969843440736
HRHO.CA,486.99500000000114,108.09,378.9050000000011,0.00449998725216076
ETEL.CA,423.2609999999982,109.17,314.0909999999982,0.004499614055106219
ESRS.CA,351.82000000000033,118.37,233.45000000000033,0.004499783449366455
SWDY.CA,393.8319999999991,107.91,285.9219999999991,0.004499867725764986
ISPH.CA,1064.4959999999992,122.41,942.0859999999992,0.004500347416719468
ESRS.CA,-291.5500000000006,103.75,-395.3000000000006,0.004500109225952086
TMGH.CA,16.72799999999947,117.48,-100.75200000000054,0.004499677280385853
FWRY.CA,1288.2200000000005,123.44,1164.7800000000004,0.004500134652107917
PHDC.CA,897.0899999999996,109.94,787.1499999999996,0.004499601026877786
SWDY.CA,712.9500000000013,108.78999999999999,604.1600000000013,0.004500196068402298
ESRS.CA,0.0,117.18,-117.18,0.004500241948491855
FWRY.CA,1206.9000000000008,125.99,1080.9100000000008,0.004500153041037395
TMGH.CA,-807.2599999999994,102.37,-909.6299999999994,0.004499586547424793
HRHO.CA,-916.8039999999996,115.47,-1032.2739999999997,0.004500165557930225
SWDY.CA,-1410.2099999999998,113.97,-1524.1799999999998,0.00450021842815509
PHDC.CA,-1349.71,113.69,-1463.4,0.0044998872773728115
ISPH.CA,1289.7179999999987,124.14,1165.5779999999986,0.004500228928326419
FWRY.CA,1204.5800000000004,123.74,1080.8400000000004,0.004499697662302102
HRHO.CA,823.9919999999996,122.00999999999999,701.9819999999996,0.004499693427480765
FWRY.CA,948.6399999999994,110.49000000000001,838.1499999999994,0.0044998712143806095
COMI.CA,291.2520000000007,107.03,184.2220000000007,0.004499948922259679
ISPH.CA,-41.98400000000004,106.09,-148.07400000000004,0.004500338753387534
SWDY.CA,-330.05700000000047,118.17,-448.2270000000005,0.004500110189895173
TMGH.CA,445.77399999999943,110.44999999999999,335.32399999999944,0.004499607466925146
PHDC.CA,379.04999999999995,110.22,268.8299999999999,0.00450014099225372
HRHO.CA,-186.60799999999998,107.6,-294.20799999999997,0.00450025729984562
FWRY.CA,1518.4799999999984,127.42999999999999,1391.0499999999984,0.004500026865832034
HRHO.CA,1140.6149999999998,124.69,1015.9249999999997,0.004500333497447201
PHDC.CA,1127.4600000000005,124.7,1002.7600000000004,0.004499644903461891
SWDY.CA,-122.80799999999908,118.93,-241.7379999999991,0.004500066288221186
PHDC.CA,1220.5599999999993,115.19,1105.3699999999992,0.004500003281679695
TMGH.CA,1020.0960000000005,124.04999999999998,896.0460000000005,0.004500167258853418
FWRY.CA,43.520000000001005,108.1,-64.57999999999899,0.004499673054339704
ETEL.CA,525.7800000000003,111.85,413.9300000000003,0.0044999054641709215
HRHO.CA,239.6739999999994,110.78,128.8939999999994,0.004500254344365862
ISPH.CA,-1045.8400000000001,108.50999999999999,-1154.3500000000001,0.0045
SWDY.CA,-723.6090000000003,109.75,-833.3590000000003,0.004499758287320318
FWRY.CA,1289.2799999999995,130.82,1158.4599999999996,0.004499919374344916
PHDC.CA,1591.5199999999993,119.56,1471.9599999999994,0.004500118508458942
COMI.CA,-43.25,124.69,-167.94,0.004499748852902749
TMGH.CA,428.63999999999953,114.03,314.60999999999956,0.004500200722601364
ETEL.CA,727.8240000000015,115.52,612.3040000000016,0.004499888545169676
PHDC.CA,888.0799999999996,104.14,783.9399999999996,0.004499816664150292
FWRY.CA,1047.6600000000005,104.88,942.7800000000005,0.004499918681581333
ISPH.CA,517.0379999999994,102.53,414.50799999999947,0.004500013473094231
COMI.CA,857.6039999999996,130.45999999999998,727.1439999999996,0.004499784607466657
TMGH.CA,-128.0750000000004,116.49000000000001,-244.5650000000004,0.0044997981894712566
PHDC.CA,-447.32999999999817,115.39,-562.7199999999982,0.004499904942382819
ETEL.CA,35.3000000000005,117.52000000000001,-82.21999999999952,0.0045000621174218665
ISPH.CA,1143.3000000000004,134.88,1008.4200000000004,0.004500220258969049
PHDC.CA,-727.9899999999996,126.24000000000001,-854.2299999999996,0.004500191098294014
ETEL.CA,985.5199999999996,133.70999999999998,851.8099999999997,0.004500214428534033
FWRY.CA,-57.45000000000081,129.51999999999998,-186.9700000000008,0.004500015603382813
COMI.CA,1005.6510000000001,133.49,872.1610000000001,0.004499713882957195
ETEL.CA,1604.432,111.58,1492.852,0.004500145750216901
ISPH.CA,945.0690000000013,134.59,810.4790000000013,0.004500037977917567
FWRY.CA,720.7199999999989,133.59,587.1299999999989,0.0044997459096985165
TMGH.CA,-272.42000000000075,105.39,-377.81000000000074,0.004500040518091327
SWDY.CA,-451.67000000000024,104.67,-556.3400000000003,0.004499850286143245
ISPH.CA,315.8999999999995,108.52,207.37999999999954,0.004500416004840783
TMGH.CA,-571.5899999999992,129.37,-700.9599999999992,0.004499693063228975
FWRY.CA,340.69000000000057,133.48000000000002,207.21000000000055,0.004499797417033067
ISPH.CA,-203.61599999999765,131.05,-334.66599999999767,0.0044997060664876245
HRHO.CA,-392.9640000000007,129.66,-522.6240000000007,0.0044997110214501515
ETEL.CA,411.12500000000017,133.19,277.9350000000002,0.004500256981326024
FWRY.CA,1136.0899999999992,136.55,999.5399999999993,0.00450022323079325
COMI.CA,306.54000000000053,132.1,174.44000000000054,0.004500261643118787
ISPH.CA,692.6039999999999,134.48000000000002,558.1239999999999,0.004499801318151301
ETEL.CA,1371.440000000001,136.58999999999997,1234.850000000001,0.004499798506185583
HRHO.CA,112.76100000000028,130.93,-18.168999999999727,0.004500149406892592
MFPC.CA,-167.25600000000045,131.89,-299.1460000000004,0.004499810020083591
ISPH.CA,1077.9999999999989,124.81,953.1899999999989,0.004500300120048018
HRHO.CA,1105.1689999999985,140.57,964.5989999999986,0.004500234968020453
FWRY.CA,265.7199999999994,121.2,144.5199999999994,0.004499960625344528
COMI.CA,381.7520000000003,121.06,260.6920000000003,0.0045000000000000005
TMGH.CA,299.6240000000006,135.93,163.69400000000059,0.004499679024233671
SWDY.CA,424.47299999999876,136.55,287.92299999999875,0.004499669141974854
ETEL.CA,467.47999999999865,136.57999999999998,330.89999999999867,0.0045000669254450535
ISPH.CA,-16.827999999999214,121.74,-138.56799999999922,0.004500344304785097
FWRY.CA,203.68000000000137,137.05,66.63000000000136,0.0045002221352486325
TMGH.CA,1509.6279999999986,142.85,1366.7779999999987,0.004499993385280927
PHDC.CA,1176.689999999999,139.67000000000002,1037.0199999999988,0.004500196243116421
ETEL.CA,669.9329999999995,138.87,531.0629999999995,0.004500028485385672
SWDY.CA,112.70000000000056,136.17000000000002,-23.46999999999946,0.0044996935193268575
FWRY.CA,1124.5400000000013,126.85999999999999,997.6800000000013,0.004500243855578382
HRHO.CA,272.38400000000024,137.01,135.37400000000025,0.004499745485010128
COMI.CA,295.65000000000083,136.67000000000002,158.9800000000008,0.004499933501795452
AMOC.CA,-653.5680000000006,132.99,-786.5580000000006,0.004499851682345961
PHDC.CA,-605.6899999999987,119.12,-724.8099999999987,0.004499929457770319
ISPH.CA,-713.1149999999989,118.57,-831.6849999999988,0.004500070209668241
ETEL.CA,1150.8760000000007,142.66,1008.2160000000007,0.004500022257893041
ABUK.CA,-945.7509999999991,130.04000000000002,-1075.790999999999,0.004500133362105594
FWRY.CA,-329.6700000000001,136.35000000000002,-466.0200000000001,0.0045002602080227655
SWDY.CA,-655.0319999999997,134.32999999999998,-789.3619999999996,0.00450018095133196
ISPH.CA,-798.7180000000004,133.31,-932.0280000000005,0.004500009203817218
PHDC.CA,0.0,122.76,-122.76,0.004500085778761179
TMGH.CA,1009.6260000000002,126.44,883.1860000000001,0.004500210797404866
FWRY.CA,1034.5200000000011,127.12,907.4000000000011,0.004499823622787936
SWDY.CA,-1992.6290000000001,113.53,-2106.159,0.004499970612436816
HELI.CA,708.8219999999991,139.2,569.6219999999992,0.0045002124052612984
PHDC.CA,1023.5999999999993,128.51,895.0899999999993,0.0044997537665009135
TMGH.CA,315.7949999999988,124.72999999999999,191.06499999999883,0.00449963871513966
ETEL.CA,572.6600000000003,126.34,446.3200000000003,0.004499643693372697
COMI.CA,-1714.5650000000012,128.17,-1842.7350000000013,0.004499880118000977
ABUK.CA,1326.8159999999996,131.05,1195.7659999999996,0.004499759686642894
FWRY.CA,433.6500000000002,127.16,306.49000000000024,0.0044996477911473385
AMOC.CA,-123.25100000000035,124.67,-247.92100000000033,0.004500191910436047
ISPH.CA,212.0040000000008,136.84,75.16400000000078,0.004499787727117083
HELI.CA,-922.0120000000004,131.76999999999998,-1053.7820000000004,0.004499875518452402
TMGH.CA,996.3570000000016,138.44,857.9170000000015,0.0045001192551758435
PHDC.CA,409.1699999999976,136.02,273.1499999999976,0.0045002622749365775
ETEL.CA,422.20400000000035,135.6,286.6040000000004,0.004499804795304317
FWRY.CA,-703.5,131.91000000000003,-835.4100000000001,0.004500266524520256
ISPH.CA,-714.6100000000009,119.39,-834.0000000000009,0.004499743081553255
ABUK.CA,483.4260000000005,112.63999999999999,370.7860000000005,0.004499792242074646
PHDC.CA,-491.66000000000076,122.11,-613.7700000000008,0.004499763284653461
ISPH.CA,-836.7679999999988,120.57,-957.3379999999988,0.004500011581178269
TMGH.CA,-419.1790000000003,120.07,-539.2490000000003,0.004500007010506166
SWDY.CA,-168.79699999999963,121.53999999999999,-290.33699999999965,0.004499738036510058
ETEL.CA,1160.4030000000016,114.55,1045.8530000000017,0.0044996764777065976
AMOC.CA,-548.7840000000003,108.13,-656.9140000000003,0.004499622454824766
ABUK.CA,654.8519999999997,112.32,542.5319999999997,0.004500345610743557
PHDC.CA,920.4300000000011,113.8,806.6300000000011,0.004499890847075932
FWRY.CA,550.6199999999991,126.76,423.8599999999991,0.0044998986183124295
TMGH.CA,1032.9280000000015,127.57,905.3580000000015,0.004499735697268677
HRHO.CA,1245.3009999999997,130.58,1114.7209999999998,0.004500070212329285
SWDY.CA,335.8860000000001,124.07,211.8160000000001,0.0045002570316516124
FWRY.CA,1186.349999999999,116.0,1070.349999999999,0.004500239936884399
ETEL.CA,851.4240000000016,140.72,710.7040000000015,0.004499789606564275
ISPH.CA,1921.6799999999992,133.79,1787.8899999999992,0.004500169736304582
PHDC.CA,384.9600000000003,126.89,258.07000000000033,0.004499995685526667
HRHO.CA,980.9249999999996,114.93,865.9949999999997,0.004499981677599032
HELI.CA,959.1479999999999,141.45999999999998,817.6879999999999,0.004499698138961073
MFPC.CA,184.38000000000002,111.39,72.99000000000002,0.0044997964997965
TMGH.CA,1376.0999999999992,148.35,1227.7499999999993,0.004500158277936056
PHDC.CA,1643.4600000000003,150.26999999999998,1493.1900000000003,0.004500231184888698
SWDY.CA,346.1640000000002,128.02,218.1440000000002,0.004499644895966616
HRHO.CA,-956.9280000000008,139.92000000000002,-1096.8480000000009,0.004499748523276261
ISPH.CA,-239.21999999999963,141.74,-380.95999999999964,0.00450017834343526
TMGH.CA,-1022.6880000000003,126.19,-1148.8780000000004,0.004500227075678131
ABUK.CA,2025.270000000002,123.91,1901.360000000002,0.0045002136425466195
ETEL.CA,-1191.0879999999993,109.7,-1300.7879999999993,0.004500156445556946
PHDC.CA,-907.1200000000001,126.82,-1033.94,0.004499766245909303
FWRY.CA,-1028.2800000000002,126.19999999999999,-1154.4800000000002,0.004499819071638
MFPC.CA,1797.5100000000007,123.07,1674.4400000000007,0.004499702576625654
COMI.CA,-1720.1359999999993,133.84,-1853.9759999999992,0.004499971712284052
ABUK.CA,1481.8790000000001,99.25,1382.6290000000001,0.00450029165856504
AMOC.CA,2348.250000000001,103.69,2244.560000000001,0.004499659336358233
ETEL.CA,-598.92,90.19,-689.1099999999999,0.0045
SWDY.CA,201.375,123.18,78.195,0.004500187691832093
ABUK.CA,2270.599999999999,154.44,2116.159999999999,0.004500124812780829
AMOC.CA,114.02799999999966,145.07,-31.04200000000033,0.004500000622578946
MFPC.CA,-970.7849999999994,139.97,-1110.7549999999994,0.004499937648085797
COMI.CA,215.73999999999992,145.87,69.86999999999992,0.004499972049863045
ABUK.CA,-1266.694999999999,138.74,-1405.434999999999,0.004500038943842978
HELI.CA,-1121.6639999999984,140.07,-1261.7339999999983,0.004500146366392292
COMI.CA,1619.25,149.87,1469.38,0.004499708077572468
ETEL.CA,1469.9759999999983,149.36,1320.6159999999982,0.004499773025320286
FWRY.CA,1195.4000000000005,148.5,1046.9000000000005,0.004500232683914624
TMGH.CA,2001.0240000000022,151.79000000000002,1849.2340000000022,0.004499853765783211
PHDC.CA,1489.5000000000007,137.18,1352.3200000000006,0.004499993102401743
SWDY.CA,196.7070000000017,143.02999999999997,53.677000000001726,0.004499981004723492
HELI.CA,1007.1000000000006,135.03,872.0700000000006,0.0045003103662321535
MFPC.CA,1009.2389999999994,134.98000000000002,874.2589999999993,0.0044997309268535
ABUK.CA,1119.4100000000014,122.86,996.5500000000014,0.004500155072395128
SWDY.CA,997.7309999999993,140.99,856.7409999999993,0.004499826929733472
AMOC.CA,1410.3599999999992,143.19,1267.1699999999992,0.004499882932013754
HELI.CA,1736.7599999999989,134.01,1602.7499999999989,0.004500071316502639
ISPH.CA,132.8799999999993,119.0,13.879999999999313,0.00450014899141931
HRHO.CA,1226.5559999999991,142.24,1084.3159999999991,0.004500127709885272
FWRY.CA,1065.0,130.99,934.01,0.004499910857550366
ETEL.CA,1046.430000000001,130.51,915.920000000001,0.004499905924065339
ISPH.CA,1288.16,161.95999999999998,1126.2,0.004499935451745569
ABUK.CA,-530.6600000000016,123.34,-654.0000000000016,0.004499687183694038
AMOC.CA,1284.6599999999987,161.96,1122.6999999999987,0.004499972339778165
TMGH.CA,-716.8640000000001,156.25,-873.1140000000001,0.004500203169443316
COMI.CA,-349.17000000000155,123.48,-472.65000000000157,0.0045002770840680256
ETEL.CA,-755.2999999999985,156.24,-911.5399999999985,0.004500014658028202
HRHO.CA,-1053.75,155.12,-1208.87,0.004499929627023224
TMGH.CA,943.4999999999989,129.39,814.1099999999989,0.004499820208558073
MFPC.CA,88.65999999999954,156.36,-67.70000000000047,0.004499971146632812
AMOC.CA,-797.5,122.00999999999999,-919.51,0.0044997760859829825
ISPH.CA,329.9399999999995,127.08,202.8599999999995,0.004500101753893161
HELI.CA,1229.8500000000006,161.48000000000002,1068.3700000000006,0.0044998562954703634
TMGH.CA,-94.53999999999972,141.83999999999997,-236.3799999999997,0.004499694453476588
ETEL.CA,430.86000000000206,143.7,287.16000000000207,0.00449990604033663
ABUK.CA,-546.8399999999996,139.51999999999998,-686.3599999999996,0.0045002554730181185
FWRY.CA,-1173.6400000000003,138.74,-1312.3800000000003,0.0044998543999340114
COMI.CA,147.61999999999986,144.14,3.479999999999876,0.004500133297787257
MFPC.CA,-471.0400000000004,141.72,-612.7600000000004,0.004499994994443833
AMOC.CA,-669.9600000000006,136.17000000000002,-806.1300000000006,0.004499864532027668
ISPH.CA,-746.46,135.86,-882.32,0.004499752419885532
ETEL.CA,-531.0600000000011,137.91000000000003,-668.9700000000012,0.004500320122557542
PHDC.CA,856.1800000000003,159.73000000000002,696.4500000000003,0.00449992465484123
ISPH.CA,934.8199999999994,114.75,820.0699999999994,0.004499678419942849
HELI.CA,-155.60999999999976,100.3,-255.90999999999974,0.004500405927702984
TMGH.CA,187.45000000000093,141.46,45.99000000000092,0.004500257623907499
SWDY.CA,30.430000000000305,140.45999999999998,-110.02999999999967,0.004500060932980136
COMI.CA,-481.31999999999914,151.97,-633.2899999999992,0.004500196193839514
ISPH.CA,-816.5399999999989,137.61,-954.149999999999,0.0044997528448324185
PHDC.CA,-946.5799999999995,137.04000000000002,-1083.6199999999994,0.004500249376876299
HRHO.CA,-373.1000000000012,139.62,-512.7200000000012,0.004500315308715897
HELI.CA,739.1999999999983,157.53,581.6699999999984,0.004499929962179576
SWDY.CA,383.6800000000012,139.25,244.4300000000012,0.004499905761135893
TMGH.CA,429.86999999999796,138.76,291.10999999999797,0.004499701708123865
HELI.CA,1394.4000000000012,157.99,1236.4100000000012,0.004500127541183938
PHDC.CA,245.6999999999998,123.91999999999999,121.7799999999998,0.00450028580222486
ETEL.CA,1392.1599999999994,157.85000000000002,1234.3099999999995,0.004499738766980147
SWDY.CA,1663.659999999998,159.87,1503.7899999999981,0.004499792994166629
TMGH.CA,408.899999999999,154.52,254.379999999999,0.004499852637783673
COMI.CA,684.9999999999987,155.82,529.1799999999987,0.0044999631730131846
AMOC.CA,1641.1199999999988,161.32999999999998,1479.7899999999988,0.004499717050402443
PHDC.CA,-301.59999999999974,152.53,-454.12999999999977,0.004499836241987554
SWDY.CA,2832.48,152.09,2680.39,0.004499808821097884
HRHO.CA,536.6099999999998,141.79,394.8199999999998,0.004499996125702862
FWRY.CA,315.12000000000046,140.68,174.44000000000045,0.004500038776723625
COMI.CA,-81.39999999999787,138.24,-219.63999999999788,0.004499678594386116
TMGH.CA,230.39999999999964,139.8,90.59999999999962,0.004500051888750518
AMOC.CA,2320.0100000000007,153.74,2166.2700000000004,0.004500263483675004
PHDC.CA,168.3199999999983,144.01,24.309999999998297,0.0045002877470037865
ETEL.CA,1121.9700000000003,147.82999999999998,974.1400000000003,0.00450011756155277
HRHO.CA,-385.8599999999999,158.66,-544.5199999999999,0.0045001823639985415
FWRY.CA,-74.63999999999841,159.96,-234.59999999999843,0.004500035652185142
ABUK.CA,1059.9600000000023,164.89,895.0700000000023,0.004499815645824154
MFPC.CA,1019.5199999999984,164.95,854.5699999999983,0.0044999438769783365
HELI.CA,-550.5,158.05,-708.55,0.004499837409313643
SWDY.CA,170.5200000000001,80.53,89.9900000000001,0.004500112841345069
