prediction_id,ticker,prediction_timestamp,horizon,current_price,prob_up,prob_down,expected_return,lower_bound,median_bound,upper_bound,confidence
TMGH.CA_20260601_20D,TMGH.CA,2026-06-01T00:00:00,20D,95.56428757689245,0.6195981825434215,0.38040181745657853,0.019999999999999973,86.00785881920321,97.4755733284303,107.03200208611956,0.6195981825434215
TMGH.CA_20260602_10D,TMGH.CA,2026-06-02T00:00:00,10D,51.33240027692804,0.5001125833417066,0.4998874166582934,0.010000000000000005,48.76578026308164,51.84572427969732,54.412344293543725,0.5001125833417066
HRHO.CA_20260603_10D,HRHO.CA,2026-06-03T00:00:00,10D,11.85260448662222,0.6909729556485982,0.3090270443514018,0.009999999999999983,11.259974262291108,11.971130531488441,12.563760755819553,0.6909729556485982
HRHO.CA_20260604_20D,HRHO.CA,2026-06-04T00:00:00,20D,26.506405886809045,0.4912726728878613,0.5087273271121386,0.020000000000000077,23.85576529812814,27.036534004545228,29.687174593226132,0.5087273271121386
FWRY.CA_20260605_60D,FWRY.CA,2026-06-05T00:00:00,60D,48.87505167779042,0.4873687420594126,0.5126312579405874,0.060000000000000005,34.21253617445329,51.80755477845784,66.47007028179496,0.5126312579405874
HRHO.CA_20260606_20D,HRHO.CA,2026-06-06T00:00:00,20D,42.97256589643225,0.5368209952651107,0.46317900473488927,0.020000000000000004,38.675309306789025,43.832017214360896,48.12927380400413,0.5368209952651107
TMGH.CA_20260607_10D,TMGH.CA,2026-06-07T00:00:00,10D,44.42157921404465,0.6949692657420364,0.30503073425796356,0.010000000000000018,42.20050025334241,44.865795006185095,47.08687396688733,0.6949692657420364
TMGH.CA_20260608_60D,TMGH.CA,2026-06-08T00:00:00,60D,50.54493267725887,0.40397948834796,0.5960205116520401,0.060000000000000074,35.381452874081205,53.577628637894406,68.74110844107206,0.5960205116520401
COMI.CA_20260609_20D,COMI.CA,2026-06-09T00:00:00,20D,60.695939606098534,0.5156249507619748,0.4843750492380252,0.02000000000000004,54.62634564548868,61.90985839822051,67.97945235883036,0.5156249507619748
HRHO.CA_20260610_60D,HRHO.CA,2026-06-10T00:00:00,60D,84.9875420562548,0.45200939605233165,0.5479906039476683,0.06000000000000013,59.49127943937835,90.0867945796301,115.58305719650652,0.5479906039476683
COMI.CA_20260611_20D,COMI.CA,2026-06-11T00:00:00,20D,26.40124790092561,0.6266084230952957,0.37339157690470426,0.02000000000000002,23.76112311083305,26.929272858944124,29.569397649036688,0.6266084230952957
HRHO.CA_20260612_60D,HRHO.CA,2026-06-12T00:00:00,60D,97.26261649881027,0.6325398470083343,0.3674601529916657,0.0600000000000001,68.08383154916719,103.0983734887389,132.27715843838197,0.6325398470083343
FWRY.CA_20260613_5D,FWRY.CA,2026-06-13T00:00:00,5D,90.5344615384884,0.5793699936433255,0.42063000635667447,0.00499999999999996,88.2711000000262,90.98713384618084,93.25049538464306,0.5793699936433255
FWRY.CA_20260614_60D,FWRY.CA,2026-06-14T00:00:00,60D,62.80760490974634,0.6895765921792414,0.3104234078207586,0.06000000000000011,43.96532343682244,66.57606120433113,85.41834267725501,0.6895765921792414
HRHO.CA_20260615_20D,HRHO.CA,2026-06-15T00:00:00,20D,34.83992638202891,0.48888205171122473,0.5111179482887753,0.02000000000000009,31.355933743826018,35.53672490966949,39.02071754787238,0.5111179482887753
HRHO.CA_20260616_10D,HRHO.CA,2026-06-16T00:00:00,10D,27.895816367992463,0.613402585824595,0.38659741417540505,0.009999999999999981,26.50102554959284,28.174774531672387,29.56956535007201,0.613402585824595
TMGH.CA_20260617_1D,TMGH.CA,2026-06-17T00:00:00,1D,64.53639773029101,0.6778902635540047,0.3221097364459953,0.0009999999999998185,64.21371574163956,64.6009341280213,64.92361611667276,0.6778902635540047
COMI.CA_20260618_20D,COMI.CA,2026-06-18T00:00:00,20D,39.78082223673843,0.4190675050858071,0.580932494914193,0.020000000000000007,35.802740013064586,40.5764386814732,44.554520905147044,0.580932494914193
TMGH.CA_20260619_60D,TMGH.CA,2026-06-19T00:00:00,60D,75.66455605042577,0.591267241406564,0.40873275859343605,0.06000000000000004,52.96518923529804,80.20442941345132,102.90379622857904,0.591267241406564
COMI.CA_20260620_10D,COMI.CA,2026-06-20T00:00:00,10D,78.47065437552077,0.5683831592708488,0.4316168407291512,0.00999999999999998,74.54712165674472,79.25536091927597,83.17889363805202,0.5683831592708488
TMGH.CA_20260621_10D,TMGH.CA,2026-06-21T00:00:00,10D,57.045954644379464,0.5282623055075649,0.4717376944924351,0.00999999999999997,54.193656912160485,57.61641419082326,60.468711923042235,0.5282623055075649
HRHO.CA_20260622_60D,HRHO.CA,2026-06-22T00:00:00,60D,55.77136220482325,0.6722699421778279,0.3277300578221721,0.06000000000000006,39.03995354337627,59.117643937112646,75.84905259855961,0.6722699421778279
TMGH.CA_20260623_60D,TMGH.CA,2026-06-23T00:00:00,60D,58.58569821715058,0.4609183674204308,0.5390816325795692,0.060000000000000074,41.009988752005405,62.10084011017962,79.67654957532478,0.5390816325795692
TMGH.CA_20260624_20D,TMGH.CA,2026-06-24T00:00:00,20D,93.67278871083158,0.6424361138693251,0.3575638861306749,0.02000000000000006,84.30550983974842,95.54624448504822,104.91352335613138,0.6424361138693251
COMI.CA_20260625_60D,COMI.CA,2026-06-25T00:00:00,60D,88.43145311689459,0.6411016230697343,0.3588983769302657,0.06000000000000007,61.90201718182621,93.73734030390827,120.26677623897663,0.6411016230697343
HRHO.CA_20260626_1D,HRHO.CA,2026-06-26T00:00:00,1D,38.62031274746775,0.43301557735830304,0.5669844226416969,0.0009999999999998402,38.427211183730414,38.65893306021521,38.852034623952555,0.5669844226416969
COMI.CA_20260627_10D,COMI.CA,2026-06-27T00:00:00,10D,48.43970097636307,0.6454044297767478,0.35459557022325217,0.010000000000000047,46.01771592754491,48.924097986126704,51.346083034944854,0.6454044297767478
COMI.CA_20260628_1D,COMI.CA,2026-06-28T00:00:00,1D,20.787883060031454,0.5012845514210884,0.4987154485789116,0.0009999999999999668,20.683943644731297,20.808670943091485,20.912610358391643,0.5012845514210884
TMGH.CA_20260629_10D,TMGH.CA,2026-06-29T00:00:00,10D,39.088263881867974,0.5556371865230099,0.44436281347699014,0.010000000000000033,37.133850687774576,39.479146520686655,41.43355971478005,0.5556371865230099
COMI.CA_20260630_5D,COMI.CA,2026-06-30T00:00:00,5D,96.62025654479001,0.47553468874760924,0.5244653112523907,0.004999999999999857,94.20475013117026,97.10335782751395,99.51886424113371,0.5244653112523907
FWRY.CA_20260701_10D,FWRY.CA,2026-07-01T00:00:00,10D,37.07904788350927,0.4854521483132403,0.5145478516867596,0.009999999999999933,35.2250954893338,37.44983836234436,39.303790756519824,0.5145478516867596
FWRY.CA_20260702_20D,FWRY.CA,2026-07-02T00:00:00,20D,14.633087612499041,0.48359393927098343,0.5164060607290166,0.01999999999999997,13.169778851249138,14.925749364749022,16.38905812599893,0.5164060607290166
COMI.CA_20260703_1D,COMI.CA,2026-07-03T00:00:00,1D,31.560570160027517,0.4434684616273669,0.556531538372633,0.0009999999999999133,31.40276730922738,31.59213073018754,31.749933580987683,0.556531538372633
HRHO.CA_20260704_20D,HRHO.CA,2026-07-04T00:00:00,20D,17.27679936994437,0.5108963368184214,0.4891036631815786,0.019999999999999928,15.549119432949935,17.622335357343257,19.350015294337698,0.5108963368184214
COMI.CA_20260705_60D,COMI.CA,2026-07-05T00:00:00,60D,66.90752475342215,0.5900589132282684,0.4099410867717316,0.05999999999999998,46.835267327395506,70.92197623862748,90.99423366465412,0.5900589132282684
COMI.CA_20260706_1D,COMI.CA,2026-07-06T00:00:00,1D,38.870205847456226,0.4559555531199563,0.5440444468800437,0.0009999999999998953,38.675854818218944,38.90907605330368,39.10342708254096,0.5440444468800437
COMI.CA_20260707_10D,COMI.CA,2026-07-07T00:00:00,10D,63.18036488694176,0.6032693085526847,0.3967306914473153,0.009999999999999955,60.02134664259467,63.812168535811175,66.97118678015826,0.6032693085526847
TMGH.CA_20260708_20D,TMGH.CA,2026-07-08T00:00:00,20D,68.06555113685049,0.45230992870149744,0.5476900712985026,0.020000000000000046,61.25899602316544,69.4268621595875,76.23341727327255,0.5476900712985026
COMI.CA_20260709_5D,COMI.CA,2026-07-09T00:00:00,5D,85.39390953165952,0.6027070351117843,0.39729296488821575,0.00499999999999989,83.25906179336803,85.8208790793178,87.9557268176093,0.6027070351117843
TMGH.CA_20260710_5D,TMGH.CA,2026-07-10T00:00:00,5D,33.21474649436401,0.5979952138102537,0.40200478618974633,0.004999999999999865,32.38437783200491,33.38082022683582,34.21118888919493,0.5979952138102537
FWRY.CA_20260711_1D,FWRY.CA,2026-07-11T00:00:00,1D,56.49723021439129,0.4782487524491227,0.5217512475508773,0.0009999999999998517,56.21474406331933,56.55372744460567,56.836213595677634,0.5217512475508773
TMGH.CA_20260712_1D,TMGH.CA,2026-07-12T00:00:00,1D,35.09842173329637,0.6101073489918314,0.3898926510081686,0.0009999999999999616,34.92292962462989,35.133520155029665,35.30901226369615,0.6101073489918314
HRHO.CA_20260713_10D,HRHO.CA,2026-07-13T00:00:00,10D,87.06918626902832,0.521352438136657,0.478647561863343,0.009999999999999953,82.7157269555769,87.9398781317186,92.29333744517002,0.521352438136657
HRHO.CA_20260714_1D,HRHO.CA,2026-07-14T00:00:00,1D,69.71515921972502,0.40151847515386563,0.5984815248461344,0.0009999999999998075,69.3665834236264,69.78487437894474,70.13345017504338,0.5984815248461344
HRHO.CA_20260715_5D,HRHO.CA,2026-07-15T00:00:00,5D,53.705237822760395,0.5345272428958742,0.46547275710412583,0.004999999999999959,52.36260687719138,53.973764011874195,55.31639495744321,0.5345272428958742
HRHO.CA_20260716_20D,HRHO.CA,2026-07-16T00:00:00,20D,42.982190612457394,0.6232511569169686,0.37674884308303136,0.019999999999999962,38.683971551211656,43.84183442470654,48.140053485952286,0.6232511569169686
TMGH.CA_20260717_1D,TMGH.CA,2026-07-17T00:00:00,1D,37.72547126671503,0.5627620691664698,0.43723793083353024,0.0009999999999998931,37.53684391038146,37.763196737981744,37.95182409431532,0.5627620691664698
FWRY.CA_20260718_60D,FWRY.CA,2026-07-18T00:00:00,60D,53.80679376635096,0.6718296363155662,0.32817036368443375,0.06000000000000011,37.66475563644567,57.03520139233202,73.1772395222373,0.6718296363155662
TMGH.CA_20260719_5D,TMGH.CA,2026-07-19T00:00:00,5D,41.50705669252081,0.5935310086091694,0.4064689913908306,0.00499999999999984,40.46938027520779,41.71459197598341,42.75226839329644,0.5935310086091694
HRHO.CA_20260720_60D,HRHO.CA,2026-07-20T00:00:00,60D,54.92740418962771,0.5716012597627549,0.4283987402372451,0.060000000000000074,38.44918293273939,58.223048441005375,74.70126969789368,0.5716012597627549
HRHO.CA_20260721_1D,HRHO.CA,2026-07-21T00:00:00,1D,13.924339457899038,0.6983651532392023,0.30163484676079766,0.0009999999999998979,13.854717760609542,13.938263797356935,14.007885494646432,0.6983651532392023
FWRY.CA_20260722_10D,FWRY.CA,2026-07-22T00:00:00,10D,77.29468965076725,0.6859215541071859,0.3140784458928141,0.010000000000000047,73.42995516822889,78.06763654727493,81.9323710298133,0.6859215541071859
COMI.CA_20260723_1D,COMI.CA,2026-07-23T00:00:00,1D,59.748847015194094,0.5716877407512515,0.4283122592487485,0.000999999999999863,59.45010278011812,59.80859586220928,60.10734009728526,0.5716877407512515
COMI.CA_20260724_10D,COMI.CA,2026-07-24T00:00:00,10D,25.254347201748324,0.567040378737505,0.432959621262495,0.009999999999999959,23.991629841660906,25.506890673765806,26.769608033853224,0.567040378737505
TMGH.CA_20260725_5D,TMGH.CA,2026-07-25T00:00:00,5D,93.70151513297486,0.4211248392548632,0.5788751607451368,0.004999999999999834,91.35897725465048,94.17002270863972,96.51256058696411,0.5788751607451368
TMGH.CA_20260726_5D,TMGH.CA,2026-07-26T00:00:00,5D,32.87472841627649,0.4885871765256816,0.5114128234743184,0.00499999999999991,32.05286020586958,33.03910205835787,33.86097026876479,0.5114128234743184
FWRY.CA_20260727_1D,FWRY.CA,2026-07-27T00:00:00,1D,86.3802815432207,0.44098639943260864,0.5590136005673914,0.0009999999999999196,85.9483801355046,86.46666182476392,86.89856323248003,0.5590136005673914
FWRY.CA_20260728_5D,FWRY.CA,2026-07-28T00:00:00,5D,82.91020552112627,0.660121695574031,0.339878304425969,0.004999999999999932,80.83745038309812,83.3247565487319,85.39751168676007,0.660121695574031
COMI.CA_20260729_20D,COMI.CA,2026-07-29T00:00:00,20D,56.020815897484404,0.5504548884061599,0.44954511159384014,0.02000000000000004,50.41873430773597,57.141232215434094,62.74331380518254,0.5504548884061599
HRHO.CA_20260730_20D,HRHO.CA,2026-07-30T00:00:00,20D,89.79554340555939,0.40828503156211143,0.5917149684378886,0.020000000000000056,80.81598906500345,91.59145427367058,100.57100861422653,0.5917149684378886
FWRY.CA_20260731_5D,FWRY.CA,2026-07-31T00:00:00,5D,49.462671071627824,0.6016078405885598,0.39839215941144024,0.0049999999999998275,48.22610429483713,49.709984426985955,50.94655120377666,0.6016078405885598
FWRY.CA_20260801_60D,FWRY.CA,2026-08-01T00:00:00,60D,85.5040151862427,0.6581213854935025,0.3418786145064975,0.06000000000000007,59.85281063036988,90.63425609741726,116.28546065329006,0.6581213854935025
COMI.CA_20260802_20D,COMI.CA,2026-08-02T00:00:00,20D,13.495126098648088,0.49097965440196684,0.5090203455980331,0.02000000000000007,12.14561348878328,13.76502862062105,15.11454123048586,0.5090203455980331
HRHO.CA_20260803_60D,HRHO.CA,2026-08-03T00:00:00,60D,34.43886242377677,0.6895755491172308,0.31042445088276915,0.06000000000000009,24.107203696643737,36.50519416920338,46.8368528963364,0.6895755491172308
TMGH.CA_20260804_20D,TMGH.CA,2026-08-04T00:00:00,20D,85.78207675107832,0.4583140101984619,0.541685989801538,0.019999999999999938,77.20386907597049,87.49771828609988,96.07592596120773,0.541685989801538
HRHO.CA_20260805_20D,HRHO.CA,2026-08-05T00:00:00,20D,21.947088001867282,0.6908610601342476,0.30913893986575236,0.019999999999999966,19.752379201680554,22.386029761904627,24.58073856209136,0.6908610601342476
FWRY.CA_20260806_10D,FWRY.CA,2026-08-06T00:00:00,10D,81.56675752918333,0.4812496753786223,0.5187503246213777,0.010000000000000085,77.48841965272416,82.38242510447517,86.46076298093433,0.5187503246213777
COMI.CA_20260807_5D,COMI.CA,2026-08-07T00:00:00,5D,96.63835732101326,0.6507940361536617,0.3492059638463383,0.004999999999999952,94.22239838798792,97.12154910761832,99.53750804064366,0.6507940361536617
COMI.CA_20260808_20D,COMI.CA,2026-08-08T00:00:00,20D,46.80576499728429,0.45198829602125373,0.5480117039787462,0.01999999999999995,42.12518849755586,47.741880297229976,52.422456796958414,0.5480117039787462
FWRY.CA_20260809_1D,FWRY.CA,2026-08-09T00:00:00,1D,69.41776390459582,0.48398016908378283,0.5160198309162172,0.0009999999999997992,69.07067508507284,69.4871816685004,69.83427048802339,0.5160198309162172
HRHO.CA_20260810_60D,HRHO.CA,2026-08-10T00:00:00,60D,76.41072250261917,0.5663062157534202,0.4336937842465798,0.06000000000000001,53.48750575183341,80.99536585277632,103.91858260356206,0.5663062157534202
HRHO.CA_20260811_5D,HRHO.CA,2026-08-11T00:00:00,5D,42.03754107861354,0.6273538331393107,0.3726461668606893,0.0049999999999998344,40.986602551648204,42.247728784006604,43.29866731097195,0.6273538331393107
COMI.CA_20260812_60D,COMI.CA,2026-08-12T00:00:00,60D,20.446537645622463,0.41380079260652586,0.5861992073934741,0.05999999999999999,14.312576351935723,21.67332990435981,27.80729119804655,0.5861992073934741
FWRY.CA_20260813_5D,FWRY.CA,2026-08-13T00:00:00,5D,54.24542876051491,0.5420415312341698,0.45795846876583024,0.004999999999999907,52.889293041502036,54.51665590431748,55.87279162333036,0.5420415312341698
COMI.CA_20260814_60D,COMI.CA,2026-08-14T00:00:00,60D,45.86542609576361,0.5847550294156649,0.41524497058433507,0.06000000000000011,32.10579826703452,48.61735166150943,62.376979490238504,0.5847550294156649
TMGH.CA_20260815_5D,TMGH.CA,2026-08-15T00:00:00,5D,66.32739241428128,0.5509408775740263,0.4490591224259737,0.004999999999999902,64.66920760392425,66.65902937635268,68.31721418670972,0.5509408775740263
COMI.CA_20260816_60D,COMI.CA,2026-08-16T00:00:00,60D,71.55673924583269,0.5847553493169741,0.41524465068302585,0.06000000000000008,50.08971747208288,75.85014360058265,97.31716537433245,0.5847553493169741
HRHO.CA_20260817_20D,HRHO.CA,2026-08-17T00:00:00,20D,44.935293358586975,0.592986465532706,0.40701353446729405,0.020000000000000056,40.44176402272828,45.83399922575872,50.32752856161742,0.592986465532706
COMI.CA_20260818_60D,COMI.CA,2026-08-18T00:00:00,60D,59.105511038434145,0.6824394426329575,0.3175605573670425,0.0600000000000001,41.3738577269039,62.6518417007402,80.38349501227043,0.6824394426329575
FWRY.CA_20260819_10D,FWRY.CA,2026-08-19T00:00:00,10D,27.62120213103668,0.4208083902625497,0.5791916097374503,0.010000000000000037,26.240142024484843,27.897414152347046,29.278474258898882,0.5791916097374503
TMGH.CA_20260820_5D,TMGH.CA,2026-08-20T00:00:00,5D,13.506681907921028,0.5854761653013678,0.4145238346986322,0.004999999999999855,13.169014860223001,13.57421531746063,13.91188236515866,0.5854761653013678
COMI.CA_20260821_5D,COMI.CA,2026-08-21T00:00:00,5D,71.34523020755108,0.502187370839272,0.497812629160728,0.0049999999999998926,69.5615994523623,71.70195635858883,73.48558711377761,0.502187370839272
TMGH.CA_20260822_1D,TMGH.CA,2026-08-22T00:00:00,1D,54.64337088640656,0.6078671076075818,0.3921328923924182,0.0009999999999999335,54.37015403197452,54.69801425729296,54.971231111725,0.6078671076075818
HRHO.CA_20260823_20D,HRHO.CA,2026-08-23T00:00:00,20D,47.61514285440209,0.6902741654560742,0.30972583454392577,0.02000000000000002,42.85362856896188,48.56744571149013,53.328959996930344,0.6902741654560742
HRHO.CA_20260824_5D,HRHO.CA,2026-08-24T00:00:00,5D,48.11238480773067,0.5705560851249875,0.42944391487501254,0.004999999999999959,46.9095751875374,48.35294673176932,49.55575635196259,0.5705560851249875
HRHO.CA_20260825_5D,HRHO.CA,2026-08-25T00:00:00,5D,32.501480429449416,0.574163203703173,0.425836796296827,0.0049999999999998275,31.68894341871318,32.66398783159666,33.4765248423329,0.574163203703173
TMGH.CA_20260826_60D,TMGH.CA,2026-08-26T00:00:00,60D,31.473717381130616,0.6039534339700737,0.3960465660299263,0.06000000000000005,22.03160216679143,33.362140423998454,42.80425563833764,0.6039534339700737
FWRY.CA_20260827_1D,FWRY.CA,2026-08-27T00:00:00,1D,58.08947261775071,0.5489683572049233,0.4510316427950767,0.0009999999999998979,57.799025254661956,58.14756209036845,58.43800945345721,0.5489683572049233
COMI.CA_20260828_60D,COMI.CA,2026-08-28T00:00:00,60D,90.59709056465805,0.516760503620249,0.48323949637975105,0.06000000000000004,63.41796339526063,96.03291599853753,123.21204316793494,0.516760503620249
FWRY.CA_20260829_20D,FWRY.CA,2026-08-29T00:00:00,20D,61.60940993109575,0.5895511636509397,0.41044883634906026,0.019999999999999962,55.44846893798617,62.84159812971766,69.00253912282724,0.5895511636509397
COMI.CA_20260830_60D,COMI.CA,2026-08-30T00:00:00,60D,36.388969452825805,0.4985993636109748,0.5014006363890252,0.0600000000000001,25.472278616978063,38.57230761999536,49.48899845584309,0.5014006363890252
TMGH.CA_20260831_1D,TMGH.CA,2026-08-31T00:00:00,1D,20.211814181570322,0.6792787317061877,0.3207212682938123,0.0009999999999998923,20.11075511066247,20.23202599575189,20.333085066659745,0.6792787317061877
FWRY.CA_20260901_5D,FWRY.CA,2026-09-01T00:00:00,5D,49.73774512360393,0.6663112548274899,0.3336887451725101,0.004999999999999943,48.49430149551383,49.986433849221946,51.22987747731205,0.6663112548274899
HRHO.CA_20260902_1D,HRHO.CA,2026-09-02T00:00:00,1D,78.5359568545725,0.5854654189948783,0.41453458100512175,0.000999999999999915,78.14327707029965,78.61449281142707,79.00717259569994,0.5854654189948783
COMI.CA_20260903_60D,COMI.CA,2026-09-03T00:00:00,60D,30.03187758139275,0.5189954805862755,0.48100451941372446,0.060000000000000026,21.022314306974923,31.833790236276315,40.843353510694136,0.5189954805862755
HRHO.CA_20260904_60D,HRHO.CA,2026-09-04T00:00:00,60D,43.357793236020186,0.6438398701772508,0.35616012982274925,0.06000000000000007,30.350455265214126,45.9592608301814,58.96659880098745,0.6438398701772508
TMGH.CA_20260905_1D,TMGH.CA,2026-09-05T00:00:00,1D,63.26998649391559,0.505065474010094,0.49493452598990595,0.0009999999999998647,62.95363656144601,63.333256480409496,63.64960641287908,0.505065474010094
HRHO.CA_20260906_10D,HRHO.CA,2026-09-06T00:00:00,10D,32.38517389872592,0.49907575870572957,0.5009242412942705,0.009999999999999976,30.765915203789618,32.709025637713175,34.328284332649474,0.5009242412942705
FWRY.CA_20260907_10D,FWRY.CA,2026-09-07T00:00:00,10D,32.831395648582486,0.5215606260344251,0.4784393739655749,0.009999999999999905,31.18982586615336,33.15970960506831,34.80127938749744,0.5215606260344251
HRHO.CA_20260908_60D,HRHO.CA,2026-09-08T00:00:00,60D,84.05113166890239,0.6232634970829893,0.37673650291701066,0.06000000000000005,58.83579216823166,89.09419956903653,114.30953906970723,0.6232634970829893
