prediction_id,resolution_timestamp,actual_price,actual_return,direction_correct,brier_score,in_interval,interval_score
TMGH.CA_20260601_20D,2026-06-21T00:00:00,85.89432731745488,-0.10118801180469199,False,0.38390190781111105,False,23.294773301882884
TMGH.CA_20260602_10D,2026-06-12T00:00:00,52.66422500938043,0.02594510923446909,True,0.2498874293333022,True,5.646564030462088
HRHO.CA_20260603_10D,2026-06-13T00:00:00,11.6929058208341,-0.013473719296747563,False,0.47744362543775964,True,1.3037864935284453
HRHO.CA_20260604_20D,2026-06-24T00:00:00,28.209601619002573,0.06425600435859644,False,0.2588034933506609,True,5.831409295097991
FWRY.CA_20260605_60D,2026-08-04T00:00:00,34.51315019040252,-0.2938493361003272,True,0.23752829073657425,True,32.25753410734167
HRHO.CA_20260606_20D,2026-06-26T00:00:00,44.75269297616942,0.041424733259527405,True,0.21453479042720258,True,9.453964497215104
TMGH.CA_20260607_10D,2026-06-17T00:00:00,47.38525208309122,0.06671696327512716,True,0.09304374884195239,False,10.853936037622624
TMGH.CA_20260608_60D,2026-08-07T00:00:00,49.46207499784444,-0.021423664491329503,True,0.16319942700587955,True,33.35965556699085
COMI.CA_20260609_20D,2026-06-29T00:00:00,66.03228191076347,0.08791926345150047,True,0.23461918832433934,True,13.353106713341674
HRHO.CA_20260610_60D,2026-08-09T00:00:00,57.76353991406856,-0.3203293269049501,True,0.2043124941195936,False,90.64656826332404
COMI.CA_20260611_20D,2026-07-01T00:00:00,23.027328664670243,-0.12779393038224834,False,0.3926381158939732,False,20.48416346145979
HRHO.CA_20260612_60D,2026-08-11T00:00:00,87.93172781274617,-0.09593499560212053,False,0.400106658053327,True,64.19332688921479
FWRY.CA_20260613_5D,2026-06-18T00:00:00,89.15588119980646,-0.015227133571627577,False,0.33566958953426707,True,4.979395384616865
FWRY.CA_20260614_60D,2026-08-13T00:00:00,33.602805732930086,-0.46498826406106625,False,0.4755158764815358,False,248.7033733182796
HRHO.CA_20260615_20D,2026-07-05T00:00:00,28.65348157983353,-0.17756767722065164,True,0.2390056604853766,False,61.71382708389609
HRHO.CA_20260616_10D,2026-06-26T00:00:00,26.268399353601183,-0.058339106944314836,False,0.3762627322962996,False,7.721063720312301
TMGH.CA_20260617_1D,2026-06-18T00:00:00,65.39546899150159,0.01331142256809535,True,0.10375468231330853,False,10.146957871609729
COMI.CA_20260618_20D,2026-07-08T00:00:00,41.13783424782746,0.034112216258712816,False,0.33748256364722884,True,8.751780892082458
TMGH.CA_20260619_60D,2026-08-18T00:00:00,74.78661744677609,-0.0116030364741001,False,0.349596950760528,True,49.938606993281
COMI.CA_20260620_10D,2026-06-30T00:00:00,83.19275507852348,0.06017664489460136,True,0.18629309720101347,False,8.90900079073647
TMGH.CA_20260621_10D,2026-07-01T00:00:00,57.8646983461553,0.014352353411908497,True,0.222536452405038,True,6.275055010881751
HRHO.CA_20260622_60D,2026-08-21T00:00:00,51.32626165345056,-0.07970220513976017,False,0.45194687515578,True,36.80909905518334
TMGH.CA_20260623_60D,2026-08-22T00:00:00,61.55752506498166,0.050726148842945754,False,0.29060900658465366,True,38.66656082331938
TMGH.CA_20260624_20D,2026-07-14T00:00:00,100.3056620405256,0.07080896620009615,True,0.12785193266487024,True,20.608013516382954
COMI.CA_20260625_60D,2026-08-24T00:00:00,125.71049623181854,0.4215586400649329,True,0.12880804496317907,False,167.23915891398855
HRHO.CA_20260626_1D,2026-06-27T00:00:00,39.040415490524346,0.010877766469774147,False,0.3214713355183384,False,4.192440771657957
COMI.CA_20260627_10D,2026-07-07T00:00:00,42.4933012969479,-0.1227588023781735,False,0.41654687797544904,False,75.81665971934024
COMI.CA_20260628_1D,2026-06-29T00:00:00,21.03167482369528,0.011727589719443827,True,0.248717098651265,False,2.60995601973309
TMGH.CA_20260629_10D,2026-07-09T00:00:00,37.63602385143862,-0.03715284042336318,False,0.3087326830472061,True,4.299709027005477
COMI.CA_20260630_5D,2026-07-05T00:00:00,100.97773044792693,0.04509896846648236,False,0.27506386270706706,False,34.49143824582781
FWRY.CA_20260701_10D,2026-07-11T00:00:00,37.63958609344563,0.015117384127483426,False,0.2647594916754596,True,4.078695267186021
FWRY.CA_20260702_20D,2026-07-22T00:00:00,14.146377538200106,-0.033260928054801346,True,0.2338630980996276,True,3.219279274749791
COMI.CA_20260703_1D,2026-07-04T00:00:00,31.929800578538096,0.011699104820933219,False,0.3097273532034095,False,3.944506222768556
HRHO.CA_20260704_20D,2026-07-24T00:00:00,17.436816826652564,0.009261985005542617,True,0.2392223933376391,True,3.8008958613877635
COMI.CA_20260705_60D,2026-09-03T00:00:00,49.90015079156002,-0.2541922455589309,False,0.3481695210801252,True,44.15896633725861
COMI.CA_20260706_1D,2026-07-07T00:00:00,39.27385251833135,0.01038447474292298,False,0.2959843601810127,False,3.836080980129857
COMI.CA_20260707_10D,2026-07-17T00:00:00,63.84105569083688,0.010457217287006753,True,0.1573952415362649,True,6.949840137563591
TMGH.CA_20260708_20D,2026-07-28T00:00:00,66.25814327811061,-0.026553929683254318,True,0.2045842716019537,True,14.974421250107113
COMI.CA_20260709_5D,2026-07-14T00:00:00,84.4597398871356,-0.010939534794077778,False,0.3632557701732375,True,4.69666502424127
TMGH.CA_20260710_5D,2026-07-15T00:00:00,34.10920804675328,0.026929651639552597,True,0.16160784811946366,True,1.826811057190021
FWRY.CA_20260711_1D,2026-07-12T00:00:00,57.34482584507481,0.015002428038810604,False,0.27222436432089686,False,10.79371452030179
TMGH.CA_20260712_1D,2026-07-13T00:00:00,35.47615460915197,0.010762104311296155,True,0.15201627931017755,False,3.7289295481827054
HRHO.CA_20260713_10D,2026-07-23T00:00:00,91.65772274900172,0.052699889324744995,True,0.22910348847772277,True,9.577610489593127
HRHO.CA_20260714_1D,2026-07-15T00:00:00,71.03577133963661,0.018942969286627354,False,0.35818013558215417,False,18.813290043281626
HRHO.CA_20260715_5D,2026-07-20T00:00:00,54.235769116798615,0.009878576383724328,True,0.21666488760611652,True,2.953788080251826
HRHO.CA_20260716_20D,2026-08-05T00:00:00,41.76440497697012,-0.028332330626590435,False,0.3884420045983399,True,9.45608193474063
TMGH.CA_20260717_1D,2026-07-18T00:00:00,38.53154106657275,0.021366725790087283,True,0.19117700815958696,False,12.009319629082455
FWRY.CA_20260718_60D,2026-09-16T00:00:00,56.71733211582435,0.054092395137164795,True,0.10769578760077352,True,35.51248388579163
TMGH.CA_20260719_5D,2026-07-24T00:00:00,42.80427733938836,0.03125301455309641,True,0.16521704096227913,False,3.3230670399271247
HRHO.CA_20260720_60D,2026-09-18T00:00:00,61.97469920219205,0.12830198543944893,True,0.1835254806368586,True,36.25208676515429
HRHO.CA_20260721_1D,2026-07-22T00:00:00,13.939429886836768,0.0010837446891723077,True,0.09098358078040988,True,0.15316773403688977
FWRY.CA_20260722_10D,2026-08-01T00:00:00,77.12798641424658,-0.0021567230203507304,False,0.4704883783888172,True,8.50241586158441
COMI.CA_20260723_1D,2026-07-24T00:00:00,60.062672144504006,0.005252404774105619,True,0.18345139142276715,True,0.6572373171671373
COMI.CA_20260724_10D,2026-08-03T00:00:00,24.753178051011663,-0.019844866578137728,False,0.32153479111877314,True,2.777978192192318
TMGH.CA_20260725_5D,2026-07-30T00:00:00,96.12630549179171,0.025877813772549472,False,0.33509645172770797,True,5.15358333231363
TMGH.CA_20260726_5D,2026-07-31T00:00:00,32.31569294449909,-0.017005021751012154,True,0.23871742906533758,True,1.80811006289521
FWRY.CA_20260727_1D,2026-07-28T00:00:00,87.43834239903036,0.012248870192443773,False,0.31249620561931896,False,11.745766427982062
FWRY.CA_20260728_5D,2026-08-02T00:00:00,87.42658215029053,0.054473108597149024,True,0.11551726181947167,False,45.14147057427114
COMI.CA_20260729_20D,2026-08-18T00:00:00,59.779199276175525,0.06708905106931673,True,0.20209080735791818,True,12.324579497446571
HRHO.CA_20260730_20D,2026-08-19T00:00:00,100.89037221288486,0.12355656401805985,False,0.3501266038734515,False,26.142291522389627
FWRY.CA_20260731_5D,2026-08-05T00:00:00,48.82780218518711,-0.012835313433060422,False,0.3619319938576299,True,2.720446908939529
FWRY.CA_20260801_60D,2026-09-30T00:00:00,74.686906312442,-0.12650995219626981,False,0.43312375804388736,True,56.43265002292018
COMI.CA_20260802_20D,2026-08-22T00:00:00,10.942472003688176,-0.18915377865314142,True,0.2410610210366748,False,27.03175744360466
HRHO.CA_20260803_60D,2026-10-02T00:00:00,39.184804913074466,0.13780776005020054,True,0.09636333970586876,True,22.729649199692666
TMGH.CA_20260804_20D,2026-08-24T00:00:00,100.91206029604663,0.1763769789448251,False,0.293423711547272,False,115.5947435820153
HRHO.CA_20260805_20D,2026-08-25T00:00:00,20.544150180352798,-0.06392364314551074,False,0.47728900440981653,True,4.828359360410804
FWRY.CA_20260806_10D,2026-08-16T00:00:00,79.1502577590457,-0.02962603692163498,True,0.23160125005202933,True,8.972343328210172
COMI.CA_20260807_5D,2026-08-12T00:00:00,97.32754236351789,0.007131588963327452,True,0.12194480518585012,True,5.315109652655735
COMI.CA_20260808_20D,2026-08-28T00:00:00,45.05080478518096,-0.03749453111609561,True,0.2042934197401965,True,10.297268299402553
FWRY.CA_20260809_1D,2026-08-10T00:00:00,69.88517827154791,0.006733353837131499,False,0.2662764658988014,False,1.7817510734410007
HRHO.CA_20260810_60D,2026-10-09T00:00:00,46.75957756068432,-0.3880495298407691,False,0.32070273000095934,False,184.98964067471044
HRHO.CA_20260811_5D,2026-08-16T00:00:00,44.39554845403173,0.05609289494379627,True,0.13886516567596469,False,24.249687620519396
COMI.CA_20260812_60D,2026-10-11T00:00:00,19.194849920604597,-0.06121758836200069,True,0.17123109596178904,True,13.494714846110826
FWRY.CA_20260813_5D,2026-08-18T00:00:00,57.32657681760355,0.056800142011807615,True,0.2097259591143439,False,32.05920246729222
COMI.CA_20260814_60D,2026-10-13T00:00:00,40.269231991686624,-0.12201334600909512,False,0.3419384444269152,True,30.271181223203982
TMGH.CA_20260815_5D,2026-08-20T00:00:00,67.2074583777772,0.013268514432152346,True,0.2016540954339856,True,3.64800658278547
COMI.CA_20260816_60D,2026-10-15T00:00:00,79.65842470675163,0.11322043942060661,True,0.17242811992086815,True,47.227447902249565
HRHO.CA_20260817_20D,2026-09-06T00:00:00,49.546699395453736,0.10262325428850322,True,0.16566001723955917,True,9.885764538889141
COMI.CA_20260818_60D,2026-10-17T00:00:00,67.48656268747867,0.14179814203103044,True,0.10084470759526667,True,39.00963728536653
FWRY.CA_20260819_10D,2026-08-29T00:00:00,27.747572046806873,0.0045751055718244145,False,0.33546292079025897,True,3.038332234414039
TMGH.CA_20260820_5D,2026-08-25T00:00:00,14.057150562829927,0.04075528384110944,True,0.17183000953325894,False,3.6482314583610087
COMI.CA_20260821_5D,2026-08-26T00:00:00,69.75561502536218,-0.022280609054936725,False,0.25219215543046053,True,3.9239876614153104
TMGH.CA_20260822_1D,2026-08-23T00:00:00,55.334455300389294,0.0126471775582691,True,0.15376820529604385,False,7.8655608530364205
HRHO.CA_20260823_20D,2026-09-12T00:00:00,47.21569114677972,-0.008389173772801961,False,0.4764784234960797,True,10.475331427968463
HRHO.CA_20260824_5D,2026-08-29T00:00:00,50.53101882034797,0.050270507734812425,True,0.18442207602317703,False,22.15143053213267
HRHO.CA_20260825_5D,2026-08-30T00:00:00,33.25548262090703,0.023199010675661977,True,0.18133697708034535,True,1.78758142361972
TMGH.CA_20260826_60D,2026-10-25T00:00:00,23.643543191488813,-0.24878453646966447,False,0.3647597504042442,True,20.772653471546207
FWRY.CA_20260827_1D,2026-08-28T00:00:00,58.899993283430284,0.013952969947120862,True,0.20342954280242564,False,9.87866079825669
COMI.CA_20260828_60D,2026-10-27T00:00:00,84.13641827771207,-0.07131213868656273,False,0.26704141810185333,True,59.79407977267431
FWRY.CA_20260829_20D,2026-09-18T00:00:00,58.44826386581896,-0.051309468290837865,False,0.3475705745621771,True,13.554070184841073
COMI.CA_20260830_60D,2026-10-29T00:00:00,49.39559750698788,0.3574332620500205,False,0.2514025981713195,True,24.016719838865026
TMGH.CA_20260831_1D,2026-09-01T00:00:00,20.493937019710327,0.013958313469814696,True,0.10286213193599154,False,3.4393690170089073
FWRY.CA_20260901_5D,2026-09-06T00:00:00,49.20866334548209,-0.010637429919812692,False,0.44397068830978414,True,2.7355759817982204
HRHO.CA_20260902_1D,2026-09-03T00:00:00,79.19511470014957,0.008393070791734968,True,0.17183891884909183,False,4.622737614392946
COMI.CA_20260903_60D,2026-11-02T00:00:00,16.082185236151084,-0.4644961776843637,False,0.2693563088689791,False,118.62362062019601
HRHO.CA_20260904_60D,2026-11-03T00:00:00,44.81906811939306,0.033702704273216914,True,0.1268500380753576,True,28.616143535773322
TMGH.CA_20260905_1D,2026-09-06T00:00:00,63.85084759382413,0.009180673682685199,True,0.24496018501685288,False,4.720793470334009
HRHO.CA_20260906_10D,2026-09-16T00:00:00,35.72210668119228,0.10303890270595839,False,0.25092509551624054,False,31.438816099715964
FWRY.CA_20260907_10D,2026-09-17T00:00:00,35.77006446589294,0.08950788595054246,True,0.22890423456057124,False,22.98715508925419
HRHO.CA_20260908_60D,2026-11-07T00:00:00,96.78425498975935,0.15149258633442075,True,0.1419303926301388,True,55.473746901475565
