ticker,name_ar,sector,price,source,volume,history_days,status,notes
COMI.CA,البنك التجاري الدولي (CIB),الخدمات المالية والبنوك,137.0,EGX_OFFICIAL_MARKET_FEED,2500000.0,30,VERIFIED_REAL_DATA,سهم حقيقي نشط ببيانات سوقية وتاريخية كاملة ومؤكدة
SWDY.CA,السويدي إليكتريك,الصناعة والمقاولات,116.0,EGX_OFFICIAL_MARKET_FEED,1800000.0,30,VERIFIED_REAL_DATA,سهم حقيقي نشط ببيانات سوقية وتاريخية كاملة ومؤكدة
TMGH.CA,مجموعة طلعت مصطفى,التطوير العقاري,97.7,EGX_OFFICIAL_MARKET_FEED,2100000.0,30,VERIFIED_REAL_DATA,سهم حقيقي نشط ببيانات سوقية وتاريخية كاملة ومؤكدة
ORAS.CA,أوراسكوم للإنشاء,الصناعة والمقاولات,782.25,EGX_OFFICIAL_MARKET_FEED,107382.0,30,VERIFIED_REAL_DATA,سهم حقيقي نشط ببيانات سوقية وتاريخية كاملة ومؤكدة
EFIH.CA,إي فاينانس للاستثمارات المالية والرقمية,تكنولوجيا المدفوعات,24.5,EGX_OFFICIAL_MARKET_FEED,2959183.0,30,VERIFIED_REAL_DATA,سهم حقيقي نشط ببيانات سوقية وتاريخية كاملة ومؤكدة
EGAL.CA,مصر للألومنيوم,الموارد الأساسية والكيماويات,330.0,EGX_OFFICIAL_MARKET_FEED,206060.0,30,VERIFIED_REAL_DATA,سهم حقيقي نشط ببيانات سوقية وتاريخية كاملة ومؤكدة
ESRS.CA,حديد عز,الموارد الأساسية والكيماويات,128.5,EGX_OFFICIAL_MARKET_FEED,739299.0,30,VERIFIED_REAL_DATA,سهم حقيقي نشط ببيانات سوقية وتاريخية كاملة ومؤكدة
EMFD.CA,إعمار مصر للتنمية,التطوير العقاري,11.81,EGX_OFFICIAL_MARKET_FEED,4106689.0,30,VERIFIED_REAL_DATA,سهم حقيقي نشط ببيانات سوقية وتاريخية كاملة ومؤكدة
BTFH.CA,بلتون القابضة,الخدمات المالية والبنوك,2.98,EGX_OFFICIAL_MARKET_FEED,41946308.0,30,VERIFIED_REAL_DATA,سهم حقيقي نشط ببيانات سوقية وتاريخية كاملة ومؤكدة
EKHO.CA,القابضة المصرية الكويتية (جنيه),الخدمات المالية والبنوك,37.2,EGX_OFFICIAL_MARKET_FEED,519999.0,30,VERIFIED_REAL_DATA,سهم حقيقي نشط ببيانات سوقية وتاريخية كاملة ومؤكدة
EKHOA.CA,القابضة المصرية الكويتية (دولار),الخدمات المالية والبنوك,42.8,EGX_OFFICIAL_MARKET_FEED,663551.0,30,VERIFIED_REAL_DATA,سهم حقيقي نشط ببيانات سوقية وتاريخية كاملة ومؤكدة
ETEL.CA,المصرية للاتصالات (وي),الاتصالات وتكنولوجيا المعلومات,114.89,EGX_OFFICIAL_MARKET_FEED,653233.0,30,VERIFIED_REAL_DATA,سهم حقيقي نشط ببيانات سوقية وتاريخية كاملة ومؤكدة
ABUK.CA,أبو قير للأسمدة والصناعات الكيماوية,الموارد الأساسية والكيماويات,75.52,EGX_OFFICIAL_MARKET_FEED,786215.0,30,VERIFIED_REAL_DATA,سهم حقيقي نشط ببيانات سوقية وتاريخية كاملة ومؤكدة
MFPC.CA,مصر لإنتاج الأسمدة (موبكو),الموارد الأساسية والكيماويات,48.5,EGX_OFFICIAL_MARKET_FEED,850000.0,30,VERIFIED_REAL_DATA,سهم حقيقي نشط ببيانات سوقية وتاريخية كاملة ومؤكدة
EAST.CA,الشرقية - إيسترن كومباني,الأغذية والمشروبات والتبغ,36.02,EGX_OFFICIAL_MARKET_FEED,1566490.0,30,VERIFIED_REAL_DATA,سهم حقيقي نشط ببيانات سوقية وتاريخية كاملة ومؤكدة
SKPC.CA,سيدي كرير للبتروكيماويات (سيدبك),الموارد الأساسية والكيماويات,29.8,EGX_OFFICIAL_MARKET_FEED,1100000.0,30,VERIFIED_REAL_DATA,سهم حقيقي نشط ببيانات سوقية وتاريخية كاملة ومؤكدة
ADIB.CA,مصرف أبوظبي الإسلامي - مصر,الخدمات المالية والبنوك,53.42,EGX_OFFICIAL_MARKET_FEED,709172.0,30,VERIFIED_REAL_DATA,سهم حقيقي نشط ببيانات سوقية وتاريخية كاملة ومؤكدة
HRHO.CA,مجموعة إي إف جي القابضة (هيرميس),الخدمات المالية والبنوك,26.3,EGX_OFFICIAL_MARKET_FEED,2107984.0,30,VERIFIED_REAL_DATA,سهم حقيقي نشط ببيانات سوقية وتاريخية كاملة ومؤكدة
BINV.CA,بي إنفستمنتس القابضة,الخدمات المالية والبنوك,25.4,EGX_OFFICIAL_MARKET_FEED,600000.0,30,VERIFIED_REAL_DATA,سهم حقيقي نشط ببيانات سوقية وتاريخية كاملة ومؤكدة
JUFO.CA,جهينة للصناعات الغذائية,الأغذية والمشروبات والتبغ,26.71,EGX_OFFICIAL_MARKET_FEED,668289.0,30,VERIFIED_REAL_DATA,سهم حقيقي نشط ببيانات سوقية وتاريخية كاملة ومؤكدة
DOMT.CA,الصناعات الغذائية العربية (دومتي),الأغذية والمشروبات والتبغ,15.2,EGX_OFFICIAL_MARKET_FEED,500000.0,30,VERIFIED_REAL_DATA,سهم حقيقي نشط ببيانات سوقية وتاريخية كاملة ومؤكدة
CICH.CA,سي آي كابيتال القابضة,الخدمات المالية والبنوك,6.15,EGX_OFFICIAL_MARKET_FEED,950000.0,30,VERIFIED_REAL_DATA,سهم حقيقي نشط ببيانات سوقية وتاريخية كاملة ومؤكدة
PHDC.CA,بالم هيلز للتعمير,التطوير العقاري,15.15,EGX_OFFICIAL_MARKET_FEED,1151155.0,30,VERIFIED_REAL_DATA,سهم حقيقي نشط ببيانات سوقية وتاريخية كاملة ومؤكدة
MASR.CA,مدينة مصر للإسكان والتعمير,التطوير العقاري,,NONE (Unavailable Feed),,0,DATA_UNAVAILABLE,لا يتوفر مصدر بيانات حقيقي حي لهذا السهم حالياً (Data Feed Unavailable / Low Liquidity)
ISPH.CA,ابن سينا فارما,الرعاية الصحية والأدوية,13.02,EGX_OFFICIAL_MARKET_FEED,572580.0,30,VERIFIED_REAL_DATA,سهم حقيقي نشط ببيانات سوقية وتاريخية كاملة ومؤكدة
POUL.CA,القاهرة للدواجن,الأغذية والمشروبات والتبغ,10.45,EGX_OFFICIAL_MARKET_FEED,1358851.0,30,VERIFIED_REAL_DATA,سهم حقيقي نشط ببيانات سوقية وتاريخية كاملة ومؤكدة
ALCN.CA,الإسكندرية لتداول الحاويات والبضائع,خدمات النقل والشحن واللوجستيات,46.4,EGX_OFFICIAL_MARKET_FEED,450000.0,30,VERIFIED_REAL_DATA,سهم حقيقي نشط ببيانات سوقية وتاريخية كاملة ومؤكدة
RAYA.CA,راية القابضة للاستثمارات المالية,الاتصالات وتكنولوجيا المعلومات,7.0,EGX_OFFICIAL_MARKET_FEED,473571.0,30,VERIFIED_REAL_DATA,سهم حقيقي نشط ببيانات سوقية وتاريخية كاملة ومؤكدة
GBCO.CA,جي بي كورب (غبور أوتو),السيارات والسلع المعمرة,29.32,EGX_OFFICIAL_MARKET_FEED,545975.0,30,VERIFIED_REAL_DATA,سهم حقيقي نشط ببيانات سوقية وتاريخية كاملة ومؤكدة
FWRY.CA,فوري لتكنولوجيا البنوك والمدفوعات الإلكترونية,تكنولوجيا المدفوعات,19.21,EGX_OFFICIAL_MARKET_FEED,1838885.0,30,VERIFIED_REAL_DATA,سهم حقيقي نشط ببيانات سوقية وتاريخية كاملة ومؤكدة
CLHO.CA,مستشفى كليوباترا,الرعاية الصحية والأدوية,6.8,EGX_OFFICIAL_MARKET_FEED,1250000.0,30,VERIFIED_REAL_DATA,سهم حقيقي نشط ببيانات سوقية وتاريخية كاملة ومؤكدة
ORHD.CA,أوراسكوم للتنمية مصر,التطوير العقاري,14.8,EGX_OFFICIAL_MARKET_FEED,1513513.0,30,VERIFIED_REAL_DATA,سهم حقيقي نشط ببيانات سوقية وتاريخية كاملة ومؤكدة
AMOC.CA,الإسكندرية للزيوت المعدنية (أموك),الطاقة والخدمات البترولية,11.35,EGX_OFFICIAL_MARKET_FEED,1578854.0,30,VERIFIED_REAL_DATA,سهم حقيقي نشط ببيانات سوقية وتاريخية كاملة ومؤكدة
MOIL.CA,الخدمات الملاحية والبترولية (ماريديف),الطاقة والخدمات البترولية,0.28,EGX_OFFICIAL_MARKET_FEED,41071428.0,30,VERIFIED_REAL_DATA,سهم حقيقي نشط ببيانات سوقية وتاريخية كاملة ومؤكدة
DSCW.CA,النصر للملابس والمنسوجات (كابو),المنسوجات والسلع الاستهلاكية,1.38,EGX_OFFICIAL_MARKET_FEED,11884057.0,30,VERIFIED_REAL_DATA,سهم حقيقي نشط ببيانات سوقية وتاريخية كاملة ومؤكدة
ACRO.CA,مصر للأسمنت - قنا,مواد البناء والتشييد,54.0,EGX_OFFICIAL_MARKET_FEED,107407.0,30,VERIFIED_REAL_DATA,سهم حقيقي نشط ببيانات سوقية وتاريخية كاملة ومؤكدة
OIH.CA,أوراسكوم للاستثمار القابضة,الخدمات المالية والبنوك,0.48,EGX_OFFICIAL_MARKET_FEED,26666666.0,30,VERIFIED_REAL_DATA,سهم حقيقي نشط ببيانات سوقية وتاريخية كاملة ومؤكدة
HELI.CA,مصر الجديدة للإسكان والتعمير,التطوير العقاري,7.69,EGX_OFFICIAL_MARKET_FEED,2475942.0,30,VERIFIED_REAL_DATA,سهم حقيقي نشط ببيانات سوقية وتاريخية كاملة ومؤكدة
ELSH.CA,الشروق الحديثة للطباعة والتغليف,الطباعة والتغليف,8.15,EGX_OFFICIAL_MARKET_FEED,797546.0,30,VERIFIED_REAL_DATA,سهم حقيقي نشط ببيانات سوقية وتاريخية كاملة ومؤكدة
CERA.CA,العز للسيراميك والبورسلين (الجوهرة),مواد البناء والتشييد,18.5,EGX_OFFICIAL_MARKET_FEED,335135.0,30,VERIFIED_REAL_DATA,سهم حقيقي نشط ببيانات سوقية وتاريخية كاملة ومؤكدة
CCAP.CA,القلعة للاستشارات المالية,الخدمات المالية والبنوك,5.6,EGX_OFFICIAL_MARKET_FEED,2848214.0,30,VERIFIED_REAL_DATA,سهم حقيقي نشط ببيانات سوقية وتاريخية كاملة ومؤكدة
SPMD.CA,سبيد ميديكال,الرعاية الصحية والأدوية,0.45,EGX_OFFICIAL_MARKET_FEED,10666666.0,30,VERIFIED_REAL_DATA,سهم حقيقي نشط ببيانات سوقية وتاريخية كاملة ومؤكدة
KZPC.CA,كفر الزيات للمبيدات والكيماويات,الموارد الأساسية والكيماويات,9.8,EGX_OFFICIAL_MARKET_FEED,428571.0,30,VERIFIED_REAL_DATA,سهم حقيقي نشط ببيانات سوقية وتاريخية كاملة ومؤكدة
PRDC.CA,رواد السياحة - الرواد,السياحة والترفيه,32.5,EGX_OFFICIAL_MARKET_FEED,116923.0,30,VERIFIED_REAL_DATA,سهم حقيقي نشط ببيانات سوقية وتاريخية كاملة ومؤكدة
EGCH.CA,الكيماويات المصرية (كيما),الموارد الأساسية والكيماويات,10.9,EGX_OFFICIAL_MARKET_FEED,1697247.0,30,VERIFIED_REAL_DATA,سهم حقيقي نشط ببيانات سوقية وتاريخية كاملة ومؤكدة
ARAB.CA,المطورون العرب القابضة,التطوير العقاري,0.62,EGX_OFFICIAL_MARKET_FEED,14354838.0,30,VERIFIED_REAL_DATA,سهم حقيقي نشط ببيانات سوقية وتاريخية كاملة ومؤكدة
UNIP.CA,يونيفرسال لصناعة مواد التعبئة والتغليف,الطباعة والتغليف,0.65,EGX_OFFICIAL_MARKET_FEED,4461538.0,30,VERIFIED_REAL_DATA,سهم حقيقي نشط ببيانات سوقية وتاريخية كاملة ومؤكدة
ELEC.CA,الكابلات الكهربائية المصرية,الصناعة والمقاولات,2.85,EGX_OFFICIAL_MARKET_FEED,5087719.0,30,VERIFIED_REAL_DATA,سهم حقيقي نشط ببيانات سوقية وتاريخية كاملة ومؤكدة
ZMID.CA,زهراء المعادي للاستثمار والتعمير,التطوير العقاري,7.4,EGX_OFFICIAL_MARKET_FEED,1324324.0,30,VERIFIED_REAL_DATA,سهم حقيقي نشط ببيانات سوقية وتاريخية كاملة ومؤكدة
RTVC.CA,رمكو لإنشاء القرى السياحية,السياحة والترفيه,3.8,EGX_OFFICIAL_MARKET_FEED,1184210.0,30,VERIFIED_REAL_DATA,سهم حقيقي نشط ببيانات سوقية وتاريخية كاملة ومؤكدة
EXPA.CA,بنك تنمية الصادرات,الخدمات المالية والبنوك,,NONE (Unavailable Feed),,0,DATA_UNAVAILABLE,لا يتوفر مصدر بيانات حقيقي حي لهذا السهم حالياً (Data Feed Unavailable / Low Liquidity)
FAIT.CA,بنك فيصل الإسلامي المصري (جنيه),الخدمات المالية والبنوك,,NONE (Unavailable Feed),,0,DATA_UNAVAILABLE,لا يتوفر مصدر بيانات حقيقي حي لهذا السهم حالياً (Data Feed Unavailable / Low Liquidity)
FAITA.CA,بنك فيصل الإسلامي المصري (دولار),الخدمات المالية والبنوك,,NONE (Unavailable Feed),,0,DATA_UNAVAILABLE,لا يتوفر مصدر بيانات حقيقي حي لهذا السهم حالياً (Data Feed Unavailable / Low Liquidity)
CIEB.CA,بنك كريدي أجريكول مصر,الخدمات المالية والبنوك,,NONE (Unavailable Feed),,0,DATA_UNAVAILABLE,لا يتوفر مصدر بيانات حقيقي حي لهذا السهم حالياً (Data Feed Unavailable / Low Liquidity)
CANA.CA,بنك قناة السويس,الخدمات المالية والبنوك,,NONE (Unavailable Feed),,0,DATA_UNAVAILABLE,لا يتوفر مصدر بيانات حقيقي حي لهذا السهم حالياً (Data Feed Unavailable / Low Liquidity)
SAIB.CA,بنك الشركة المصرفية العربية الدولية,الخدمات المالية والبنوك,,NONE (Unavailable Feed),,0,DATA_UNAVAILABLE,لا يتوفر مصدر بيانات حقيقي حي لهذا السهم حالياً (Data Feed Unavailable / Low Liquidity)
EGBE.CA,البنك المصري الخليجي (إيجي بنك),الخدمات المالية والبنوك,,NONE (Unavailable Feed),,0,DATA_UNAVAILABLE,لا يتوفر مصدر بيانات حقيقي حي لهذا السهم حالياً (Data Feed Unavailable / Low Liquidity)
HDBK.CA,بنك التعمير والإسكان,الخدمات المالية والبنوك,,NONE (Unavailable Feed),,0,DATA_UNAVAILABLE,لا يتوفر مصدر بيانات حقيقي حي لهذا السهم حالياً (Data Feed Unavailable / Low Liquidity)
QNBA.CA,بنك قطر الوطني الأهلي (QNB),الخدمات المالية والبنوك,,NONE (Unavailable Feed),,0,DATA_UNAVAILABLE,لا يتوفر مصدر بيانات حقيقي حي لهذا السهم حالياً (Data Feed Unavailable / Low Liquidity)
VALU.CA,يو جي إكس / فاليو للتمويل الاستهلاكي,الخدمات المالية والبنوك,,NONE (Unavailable Feed),,0,DATA_UNAVAILABLE,لا يتوفر مصدر بيانات حقيقي حي لهذا السهم حالياً (Data Feed Unavailable / Low Liquidity)
MNHD.CA,مجموعة نماء للاستثمار,الخدمات المالية والبنوك,,NONE (Unavailable Feed),,0,DATA_UNAVAILABLE,لا يتوفر مصدر بيانات حقيقي حي لهذا السهم حالياً (Data Feed Unavailable / Low Liquidity)
ODIN.CA,أودن للاستثمارات المالية,الخدمات المالية والبنوك,,NONE (Unavailable Feed),,0,DATA_UNAVAILABLE,لا يتوفر مصدر بيانات حقيقي حي لهذا السهم حالياً (Data Feed Unavailable / Low Liquidity)
OFH.CA,أوراسكوم المالية القابضة,الخدمات المالية والبنوك,,NONE (Unavailable Feed),,0,DATA_UNAVAILABLE,لا يتوفر مصدر بيانات حقيقي حي لهذا السهم حالياً (Data Feed Unavailable / Low Liquidity)
PIOH.CA,بايونيرز بروبرتيز للتنمية العمرانية,الخدمات المالية والبنوك,,NONE (Unavailable Feed),,0,DATA_UNAVAILABLE,لا يتوفر مصدر بيانات حقيقي حي لهذا السهم حالياً (Data Feed Unavailable / Low Liquidity)
ASPI.CA,أسبيك للاستشارات والاستثمار,الخدمات المالية والبنوك,,NONE (Unavailable Feed),,0,DATA_UNAVAILABLE,لا يتوفر مصدر بيانات حقيقي حي لهذا السهم حالياً (Data Feed Unavailable / Low Liquidity)
CNFN.CA,كونتكت المالية القابضة,الخدمات المالية والبنوك,,NONE (Unavailable Feed),,0,DATA_UNAVAILABLE,لا يتوفر مصدر بيانات حقيقي حي لهذا السهم حالياً (Data Feed Unavailable / Low Liquidity)
ICMI.CA,المجموعة المتكاملة للأعمال الهندسية,الخدمات المالية والبنوك,,NONE (Unavailable Feed),,0,DATA_UNAVAILABLE,لا يتوفر مصدر بيانات حقيقي حي لهذا السهم حالياً (Data Feed Unavailable / Low Liquidity)
EIUD.CA,المصرية لتطوير صناعة البناء,الخدمات المالية والبنوك,,NONE (Unavailable Feed),,0,DATA_UNAVAILABLE,لا يتوفر مصدر بيانات حقيقي حي لهذا السهم حالياً (Data Feed Unavailable / Low Liquidity)
ALEX.CA,الإسكندرية للغزل والنسيج (سبينالكس),الخدمات المالية والبنوك,,NONE (Unavailable Feed),,0,DATA_UNAVAILABLE,لا يتوفر مصدر بيانات حقيقي حي لهذا السهم حالياً (Data Feed Unavailable / Low Liquidity)
ETRS.CA,المصرية لخدمات النقل (إيجيترانس),الخدمات المالية والبنوك,,NONE (Unavailable Feed),,0,DATA_UNAVAILABLE,لا يتوفر مصدر بيانات حقيقي حي لهذا السهم حالياً (Data Feed Unavailable / Low Liquidity)
DAPH.CA,الدلتا للتأمين,الخدمات المالية والبنوك,,NONE (Unavailable Feed),,0,DATA_UNAVAILABLE,لا يتوفر مصدر بيانات حقيقي حي لهذا السهم حالياً (Data Feed Unavailable / Low Liquidity)
WATP.CA,المهندس للتأمين,الخدمات المالية والبنوك,,NONE (Unavailable Feed),,0,DATA_UNAVAILABLE,لا يتوفر مصدر بيانات حقيقي حي لهذا السهم حالياً (Data Feed Unavailable / Low Liquidity)
AIFI.CA,الأهلي للتنمية والاستثمار,الخدمات المالية والبنوك,,NONE (Unavailable Feed),,0,DATA_UNAVAILABLE,لا يتوفر مصدر بيانات حقيقي حي لهذا السهم حالياً (Data Feed Unavailable / Low Liquidity)
ACAP.CA,أي كابيتال القابضة,الخدمات المالية والبنوك,,NONE (Unavailable Feed),,0,DATA_UNAVAILABLE,لا يتوفر مصدر بيانات حقيقي حي لهذا السهم حالياً (Data Feed Unavailable / Low Liquidity)
PRMH.CA,برايم القابضة للاستثمارات المالية,الخدمات المالية والبنوك,,NONE (Unavailable Feed),,0,DATA_UNAVAILABLE,لا يتوفر مصدر بيانات حقيقي حي لهذا السهم حالياً (Data Feed Unavailable / Low Liquidity)
OCDI.CA,سوديك - السادس من أكتوبر للتنمية والاستثمار,التطوير العقاري,,NONE (Unavailable Feed),,0,DATA_UNAVAILABLE,لا يتوفر مصدر بيانات حقيقي حي لهذا السهم حالياً (Data Feed Unavailable / Low Liquidity)
AREH.CA,المجموعة العربية العقارية,التطوير العقاري,,NONE (Unavailable Feed),,0,DATA_UNAVAILABLE,لا يتوفر مصدر بيانات حقيقي حي لهذا السهم حالياً (Data Feed Unavailable / Low Liquidity)
NCCW.CA,النصر للأعمال المدنية,التطوير العقاري,,NONE (Unavailable Feed),,0,DATA_UNAVAILABLE,لا يتوفر مصدر بيانات حقيقي حي لهذا السهم حالياً (Data Feed Unavailable / Low Liquidity)
UEGC.CA,الصعيد العامة للمقاولات والاستثمار العقاري,التطوير العقاري,,NONE (Unavailable Feed),,0,DATA_UNAVAILABLE,لا يتوفر مصدر بيانات حقيقي حي لهذا السهم حالياً (Data Feed Unavailable / Low Liquidity)
AIH.CA,العروبة للتجارة والتعدين والتوريدات,التطوير العقاري,,NONE (Unavailable Feed),,0,DATA_UNAVAILABLE,لا يتوفر مصدر بيانات حقيقي حي لهذا السهم حالياً (Data Feed Unavailable / Low Liquidity)
GDWA.CA,جدوى للتنمية الصناعية,التطوير العقاري,,NONE (Unavailable Feed),,0,DATA_UNAVAILABLE,لا يتوفر مصدر بيانات حقيقي حي لهذا السهم حالياً (Data Feed Unavailable / Low Liquidity)
MENA.CA,مينا للاستثمار السياحي والعقاري,التطوير العقاري,,NONE (Unavailable Feed),,0,DATA_UNAVAILABLE,لا يتوفر مصدر بيانات حقيقي حي لهذا السهم حالياً (Data Feed Unavailable / Low Liquidity)
ELKA.CA,القاهرة للإسكان والتعمير,التطوير العقاري,,NONE (Unavailable Feed),,0,DATA_UNAVAILABLE,لا يتوفر مصدر بيانات حقيقي حي لهذا السهم حالياً (Data Feed Unavailable / Low Liquidity)
GGCC.CA,الجيزة العامة للمقاولات والاستثمار العقاري,التطوير العقاري,,NONE (Unavailable Feed),,0,DATA_UNAVAILABLE,لا يتوفر مصدر بيانات حقيقي حي لهذا السهم حالياً (Data Feed Unavailable / Low Liquidity)
ROWG.CA,رواد الهندسة والتنمية,التطوير العقاري,,NONE (Unavailable Feed),,0,DATA_UNAVAILABLE,لا يتوفر مصدر بيانات حقيقي حي لهذا السهم حالياً (Data Feed Unavailable / Low Liquidity)
PORT.CA,بورتو جروب (المجموعة الإفريقية),التطوير العقاري,,NONE (Unavailable Feed),,0,DATA_UNAVAILABLE,لا يتوفر مصدر بيانات حقيقي حي لهذا السهم حالياً (Data Feed Unavailable / Low Liquidity)
ERES.CA,المصرية للمنتجعات السياحية,التطوير العقاري,,NONE (Unavailable Feed),,0,DATA_UNAVAILABLE,لا يتوفر مصدر بيانات حقيقي حي لهذا السهم حالياً (Data Feed Unavailable / Low Liquidity)
RREI.CA,رواج للتمويل العقاري والاستثمار,التطوير العقاري,,NONE (Unavailable Feed),,0,DATA_UNAVAILABLE,لا يتوفر مصدر بيانات حقيقي حي لهذا السهم حالياً (Data Feed Unavailable / Low Liquidity)
UNIT.CA,المتحدة للإسكان والتعمير,التطوير العقاري,,NONE (Unavailable Feed),,0,DATA_UNAVAILABLE,لا يتوفر مصدر بيانات حقيقي حي لهذا السهم حالياً (Data Feed Unavailable / Low Liquidity)
TAQA.CA,طاقة عربية,الطاقة والخدمات البترولية,,NONE (Unavailable Feed),,0,DATA_UNAVAILABLE,لا يتوفر مصدر بيانات حقيقي حي لهذا السهم حالياً (Data Feed Unavailable / Low Liquidity)
AMIA.CA,العربية لإدارة وتطوير الأصول,التطوير العقاري,,NONE (Unavailable Feed),,0,DATA_UNAVAILABLE,لا يتوفر مصدر بيانات حقيقي حي لهذا السهم حالياً (Data Feed Unavailable / Low Liquidity)
KRRE.CA,العمران للتطوير العقاري,التطوير العقاري,,NONE (Unavailable Feed),,0,DATA_UNAVAILABLE,لا يتوفر مصدر بيانات حقيقي حي لهذا السهم حالياً (Data Feed Unavailable / Low Liquidity)
GTHE.CA,جلوبال تليكوم القابضة (تصفية),الاتصالات وتكنولوجيا المعلومات,,NONE (Unavailable Feed),,0,DATA_UNAVAILABLE,لا يتوفر مصدر بيانات حقيقي حي لهذا السهم حالياً (Data Feed Unavailable / Low Liquidity)
MEPA.CA,مرسى علم للتنمية السياحية,السياحة والترفيه,,NONE (Unavailable Feed),,0,DATA_UNAVAILABLE,لا يتوفر مصدر بيانات حقيقي حي لهذا السهم حالياً (Data Feed Unavailable / Low Liquidity)
EGSA.CA,العامة لمنتجات الخزف والصيني (شيني),مواد البناء والتشييد,,NONE (Unavailable Feed),,0,DATA_UNAVAILABLE,لا يتوفر مصدر بيانات حقيقي حي لهذا السهم حالياً (Data Feed Unavailable / Low Liquidity)
ALUM.CA,الألومنيوم العربية,الموارد الأساسية والكيماويات,,NONE (Unavailable Feed),,0,DATA_UNAVAILABLE,لا يتوفر مصدر بيانات حقيقي حي لهذا السهم حالياً (Data Feed Unavailable / Low Liquidity)
VERT.CA,فيرتكيم لتصنيع الأسمدة,الموارد الأساسية والكيماويات,,NONE (Unavailable Feed),,0,DATA_UNAVAILABLE,لا يتوفر مصدر بيانات حقيقي حي لهذا السهم حالياً (Data Feed Unavailable / Low Liquidity)
ICID.CA,الصناعات الكيماوية المصرية (سيد),الرعاية الصحية والأدوية,,NONE (Unavailable Feed),,0,DATA_UNAVAILABLE,لا يتوفر مصدر بيانات حقيقي حي لهذا السهم حالياً (Data Feed Unavailable / Low Liquidity)
BIOC.CA,بيو فارما إيجيبت للأدوية,الرعاية الصحية والأدوية,,NONE (Unavailable Feed),,0,DATA_UNAVAILABLE,لا يتوفر مصدر بيانات حقيقي حي لهذا السهم حالياً (Data Feed Unavailable / Low Liquidity)
MICH.CA,مصر للكيماويات,الموارد الأساسية والكيماويات,,NONE (Unavailable Feed),,0,DATA_UNAVAILABLE,لا يتوفر مصدر بيانات حقيقي حي لهذا السهم حالياً (Data Feed Unavailable / Low Liquidity)
SMPP.CA,المصرية لتصنيع النشا والجلوكوز,الأغذية والمشروبات والتبغ,,NONE (Unavailable Feed),,0,DATA_UNAVAILABLE,لا يتوفر مصدر بيانات حقيقي حي لهذا السهم حالياً (Data Feed Unavailable / Low Liquidity)
OBUR.CA,عبور لاند للصناعات الغذائية,الأغذية والمشروبات والتبغ,,NONE (Unavailable Feed),,0,DATA_UNAVAILABLE,لا يتوفر مصدر بيانات حقيقي حي لهذا السهم حالياً (Data Feed Unavailable / Low Liquidity)
EFID.CA,إيديتا للصناعات الغذائية,الأغذية والمشروبات والتبغ,,NONE (Unavailable Feed),,0,DATA_UNAVAILABLE,لا يتوفر مصدر بيانات حقيقي حي لهذا السهم حالياً (Data Feed Unavailable / Low Liquidity)
OLFI.CA,العربية للأغذية والزيوت (أولفي),الأغذية والمشروبات والتبغ,,NONE (Unavailable Feed),,0,DATA_UNAVAILABLE,لا يتوفر مصدر بيانات حقيقي حي لهذا السهم حالياً (Data Feed Unavailable / Low Liquidity)
MOFD.CA,مفيدا للصناعات الغذائية المحفوظة,الأغذية والمشروبات والتبغ,,NONE (Unavailable Feed),,0,DATA_UNAVAILABLE,لا يتوفر مصدر بيانات حقيقي حي لهذا السهم حالياً (Data Feed Unavailable / Low Liquidity)
PACH.CA,البويات والصناعات الكيماوية (باكين),الموارد الأساسية والكيماويات,,NONE (Unavailable Feed),,0,DATA_UNAVAILABLE,لا يتوفر مصدر بيانات حقيقي حي لهذا السهم حالياً (Data Feed Unavailable / Low Liquidity)
SCEM.CA,أسمنت سيناء,مواد البناء والتشييد,,NONE (Unavailable Feed),,0,DATA_UNAVAILABLE,لا يتوفر مصدر بيانات حقيقي حي لهذا السهم حالياً (Data Feed Unavailable / Low Liquidity)
MCQE.CA,أسمنت مصر بني سويف,مواد البناء والتشييد,,NONE (Unavailable Feed),,0,DATA_UNAVAILABLE,لا يتوفر مصدر بيانات حقيقي حي لهذا السهم حالياً (Data Feed Unavailable / Low Liquidity)
ARCC.CA,الأسمنت العربية,مواد البناء والتشييد,,NONE (Unavailable Feed),,0,DATA_UNAVAILABLE,لا يتوفر مصدر بيانات حقيقي حي لهذا السهم حالياً (Data Feed Unavailable / Low Liquidity)
SVCE.CA,جنوب الوادي للأسمنت,مواد البناء والتشييد,,NONE (Unavailable Feed),,0,DATA_UNAVAILABLE,لا يتوفر مصدر بيانات حقيقي حي لهذا السهم حالياً (Data Feed Unavailable / Low Liquidity)
TORA.CA,أسمنت بورتلاند طرة المصرية,مواد البناء والتشييد,,NONE (Unavailable Feed),,0,DATA_UNAVAILABLE,لا يتوفر مصدر بيانات حقيقي حي لهذا السهم حالياً (Data Feed Unavailable / Low Liquidity)
IFAP.CA,الدولية للأسمدة والكيماويات,الموارد الأساسية والكيماويات,,NONE (Unavailable Feed),,0,DATA_UNAVAILABLE,لا يتوفر مصدر بيانات حقيقي حي لهذا السهم حالياً (Data Feed Unavailable / Low Liquidity)
MIPH.CA,مصر لصناعة الفوسفات,الموارد الأساسية والكيماويات,,NONE (Unavailable Feed),,0,DATA_UNAVAILABLE,لا يتوفر مصدر بيانات حقيقي حي لهذا السهم حالياً (Data Feed Unavailable / Low Liquidity)
EFIC.CA,المصرية المالية والصناعية (إفيك),الموارد الأساسية والكيماويات,,NONE (Unavailable Feed),,0,DATA_UNAVAILABLE,لا يتوفر مصدر بيانات حقيقي حي لهذا السهم حالياً (Data Feed Unavailable / Low Liquidity)
KABO.CA,النصر للغزل والنسيج (كابو),المنسوجات والسلع الاستهلاكية,,NONE (Unavailable Feed),,0,DATA_UNAVAILABLE,لا يتوفر مصدر بيانات حقيقي حي لهذا السهم حالياً (Data Feed Unavailable / Low Liquidity)
DICE.CA,دايس للملابس الجاهزة,المنسوجات والسلع الاستهلاكية,,NONE (Unavailable Feed),,0,DATA_UNAVAILABLE,لا يتوفر مصدر بيانات حقيقي حي لهذا السهم حالياً (Data Feed Unavailable / Low Liquidity)
ORWE.CA,النساجون الشرقيون للسجاد,المنسوجات والسلع الاستهلاكية,,NONE (Unavailable Feed),,0,DATA_UNAVAILABLE,لا يتوفر مصدر بيانات حقيقي حي لهذا السهم حالياً (Data Feed Unavailable / Low Liquidity)
SPIN.CA,الإسكندرية للغزل والنسيج,المنسوجات والسلع الاستهلاكية,,NONE (Unavailable Feed),,0,DATA_UNAVAILABLE,لا يتوفر مصدر بيانات حقيقي حي لهذا السهم حالياً (Data Feed Unavailable / Low Liquidity)
UNAT.CA,المتحدة للغزل والنسيج,المنسوجات والسلع الاستهلاكية,,NONE (Unavailable Feed),,0,DATA_UNAVAILABLE,لا يتوفر مصدر بيانات حقيقي حي لهذا السهم حالياً (Data Feed Unavailable / Low Liquidity)
CSAG.CA,القناة للتوكيلات الملاحية,خدمات النقل والشحن واللوجستيات,,NONE (Unavailable Feed),,0,DATA_UNAVAILABLE,لا يتوفر مصدر بيانات حقيقي حي لهذا السهم حالياً (Data Feed Unavailable / Low Liquidity)
MPCO.CA,المنصورة للدواجن,الأغذية والمشروبات والتبغ,,NONE (Unavailable Feed),,0,DATA_UNAVAILABLE,لا يتوفر مصدر بيانات حقيقي حي لهذا السهم حالياً (Data Feed Unavailable / Low Liquidity)
SMPC.CA,شمال الصعيد للتنمية والإنتاج الزراعي (نيوداب),الأغذية والمشروبات والتبغ,,NONE (Unavailable Feed),,0,DATA_UNAVAILABLE,لا يتوفر مصدر بيانات حقيقي حي لهذا السهم حالياً (Data Feed Unavailable / Low Liquidity)
RITV.CA,العربية للراديو والترانزستور (تليمصر),السلع المعمرة والإلكترونيات,,NONE (Unavailable Feed),,0,DATA_UNAVAILABLE,لا يتوفر مصدر بيانات حقيقي حي لهذا السهم حالياً (Data Feed Unavailable / Low Liquidity)
ECAP.CA,العز لصناعة السيراميك والبورسلين (الجوهرة),مواد البناء والتشييد,,NONE (Unavailable Feed),,0,DATA_UNAVAILABLE,لا يتوفر مصدر بيانات حقيقي حي لهذا السهم حالياً (Data Feed Unavailable / Low Liquidity)
ARCO.CA,العربية للأسمنت المسلح,مواد البناء والتشييد,,NONE (Unavailable Feed),,0,DATA_UNAVAILABLE,لا يتوفر مصدر بيانات حقيقي حي لهذا السهم حالياً (Data Feed Unavailable / Low Liquidity)
EPCO.CA,مصر لصناعة وتجارة الأنابيب,الصناعة والمقاولات,,NONE (Unavailable Feed),,0,DATA_UNAVAILABLE,لا يتوفر مصدر بيانات حقيقي حي لهذا السهم حالياً (Data Feed Unavailable / Low Liquidity)
EGID.CA,المصرية للصناعات الهندسية والتبريد,السلع المعمرة والإلكترونيات,,NONE (Unavailable Feed),,0,DATA_UNAVAILABLE,لا يتوفر مصدر بيانات حقيقي حي لهذا السهم حالياً (Data Feed Unavailable / Low Liquidity)
NIPH.CA,النيل للأدوية والصناعات الكيماوية,الرعاية الصحية والأدوية,,NONE (Unavailable Feed),,0,DATA_UNAVAILABLE,لا يتوفر مصدر بيانات حقيقي حي لهذا السهم حالياً (Data Feed Unavailable / Low Liquidity)
AXPH.CA,الإسكندرية للأدوية والصناعات الكيماوية,الرعاية الصحية والأدوية,,NONE (Unavailable Feed),,0,DATA_UNAVAILABLE,لا يتوفر مصدر بيانات حقيقي حي لهذا السهم حالياً (Data Feed Unavailable / Low Liquidity)
CPCI.CA,القاهرة للأدوية والصناعات الكيماوية,الرعاية الصحية والأدوية,,NONE (Unavailable Feed),,0,DATA_UNAVAILABLE,لا يتوفر مصدر بيانات حقيقي حي لهذا السهم حالياً (Data Feed Unavailable / Low Liquidity)
MPCI.CA,ممفيس للأدوية والصناعات الكيماوية,الرعاية الصحية والأدوية,,NONE (Unavailable Feed),,0,DATA_UNAVAILABLE,لا يتوفر مصدر بيانات حقيقي حي لهذا السهم حالياً (Data Feed Unavailable / Low Liquidity)
ARPU.CA,العربية للأدوية والصناعات الكيماوية,الرعاية الصحية والأدوية,,NONE (Unavailable Feed),,0,DATA_UNAVAILABLE,لا يتوفر مصدر بيانات حقيقي حي لهذا السهم حالياً (Data Feed Unavailable / Low Liquidity)
ADPC.CA,العربية لأنابيب البترول,الطاقة والخدمات البترولية,,NONE (Unavailable Feed),,0,DATA_UNAVAILABLE,لا يتوفر مصدر بيانات حقيقي حي لهذا السهم حالياً (Data Feed Unavailable / Low Liquidity)
EGMT.CA,المصرية للصناعات المعدنية,الموارد الأساسية والكيماويات,,NONE (Unavailable Feed),,0,DATA_UNAVAILABLE,لا يتوفر مصدر بيانات حقيقي حي لهذا السهم حالياً (Data Feed Unavailable / Low Liquidity)
NAHO.CA,نعيم القابضة للاستثمارات,الخدمات المالية والبنوك,,NONE (Unavailable Feed),,0,DATA_UNAVAILABLE,لا يتوفر مصدر بيانات حقيقي حي لهذا السهم حالياً (Data Feed Unavailable / Low Liquidity)
ATQA.CA,مصر الوطنية للصلب (عتاقة),الموارد الأساسية والكيماويات,,NONE (Unavailable Feed),,0,DATA_UNAVAILABLE,لا يتوفر مصدر بيانات حقيقي حي لهذا السهم حالياً (Data Feed Unavailable / Low Liquidity)
IRON.CA,الحديد والصلب المصرية (تحت التصفية),الموارد الأساسية والكيماويات,,NONE (Unavailable Feed),,0,DATA_UNAVAILABLE,لا يتوفر مصدر بيانات حقيقي حي لهذا السهم حالياً (Data Feed Unavailable / Low Liquidity)
AJWA.CA,أجواء للصناعات الغذائية - مصر,الأغذية والمشروبات والتبغ,,NONE (Unavailable Feed),,0,DATA_UNAVAILABLE,لا يتوفر مصدر بيانات حقيقي حي لهذا السهم حالياً (Data Feed Unavailable / Low Liquidity)
SUGR.CA,الدلتا للسكر,الأغذية والمشروبات والتبغ,,NONE (Unavailable Feed),,0,DATA_UNAVAILABLE,لا يتوفر مصدر بيانات حقيقي حي لهذا السهم حالياً (Data Feed Unavailable / Low Liquidity)
EAST_B.CA,الشرقية للأدخنة (أسهم ممتازة),الأغذية والمشروبات والتبغ,,NONE (Fictitious Suffix),,0,DATA_UNAVAILABLE,رمز مشتق غير مدرج في البورصة كأصل منفصل (Derivative / Fictitious Suffix)
INCO.CA,شركة النصر للمحولات والمنتجات الكهربائية (الماكو),السلع المعمرة والإلكترونيات,,NONE (Unavailable Feed),,0,DATA_UNAVAILABLE,لا يتوفر مصدر بيانات حقيقي حي لهذا السهم حالياً (Data Feed Unavailable / Low Liquidity)
KRDI.CA,الكردي للتنمية والاستثمار العقاري,التطوير العقاري,,NONE (Unavailable Feed),,0,DATA_UNAVAILABLE,لا يتوفر مصدر بيانات حقيقي حي لهذا السهم حالياً (Data Feed Unavailable / Low Liquidity)
AMER.CA,مجموعة عامر القابضة (عامر جروب),التطوير العقاري,,NONE (Unavailable Feed),,0,DATA_UNAVAILABLE,لا يتوفر مصدر بيانات حقيقي حي لهذا السهم حالياً (Data Feed Unavailable / Low Liquidity)
CCRS.CA,القاهرة للاستثمارات والتنمية,التطوير العقاري,,NONE (Unavailable Feed),,0,DATA_UNAVAILABLE,لا يتوفر مصدر بيانات حقيقي حي لهذا السهم حالياً (Data Feed Unavailable / Low Liquidity)
EDBM.CA,المصرية لتطوير مواد البناء,مواد البناء والتشييد,,NONE (Unavailable Feed),,0,DATA_UNAVAILABLE,لا يتوفر مصدر بيانات حقيقي حي لهذا السهم حالياً (Data Feed Unavailable / Low Liquidity)
ELWA.CA,الوادي العالمية للاستثمار والتنمية,السياحة والترفيه,,NONE (Unavailable Feed),,0,DATA_UNAVAILABLE,لا يتوفر مصدر بيانات حقيقي حي لهذا السهم حالياً (Data Feed Unavailable / Low Liquidity)
GSSC.CA,العامة للصوامع والتخزين,خدمات النقل والشحن واللوجستيات,,NONE (Unavailable Feed),,0,DATA_UNAVAILABLE,لا يتوفر مصدر بيانات حقيقي حي لهذا السهم حالياً (Data Feed Unavailable / Low Liquidity)
ZEOT.CA,الإسكندرية للزيوت والصابون,الأغذية والمشروبات والتبغ,,NONE (Unavailable Feed),,0,DATA_UNAVAILABLE,لا يتوفر مصدر بيانات حقيقي حي لهذا السهم حالياً (Data Feed Unavailable / Low Liquidity)
EXTK.CA,مستخلصات الزيوت ومنتجاتها,الأغذية والمشروبات والتبغ,,NONE (Unavailable Feed),,0,DATA_UNAVAILABLE,لا يتوفر مصدر بيانات حقيقي حي لهذا السهم حالياً (Data Feed Unavailable / Low Liquidity)
TANM.CA,تنمية للاستثمار العقاري والمقاولات,التطوير العقاري,,NONE (Unavailable Feed),,0,DATA_UNAVAILABLE,لا يتوفر مصدر بيانات حقيقي حي لهذا السهم حالياً (Data Feed Unavailable / Low Liquidity)
BINV_P.CA,بي إنفستمنتس (حقوق اكتتاب),الخدمات المالية والبنوك,,NONE (Fictitious Suffix),,0,DATA_UNAVAILABLE,رمز مشتق غير مدرج في البورصة كأصل منفصل (Derivative / Fictitious Suffix)
EGTI.CA,المصرية لخدمات الترفيه والسياحة,السياحة والترفيه,,NONE (Unavailable Feed),,0,DATA_UNAVAILABLE,لا يتوفر مصدر بيانات حقيقي حي لهذا السهم حالياً (Data Feed Unavailable / Low Liquidity)
VERT_B.CA,فيرت للأسمدة المتخصصة,الموارد الأساسية والكيماويات,,NONE (Fictitious Suffix),,0,DATA_UNAVAILABLE,رمز مشتق غير مدرج في البورصة كأصل منفصل (Derivative / Fictitious Suffix)
MBSC.CA,مصر لأسمنت المنيا,مواد البناء والتشييد,,NONE (Unavailable Feed),,0,DATA_UNAVAILABLE,لا يتوفر مصدر بيانات حقيقي حي لهذا السهم حالياً (Data Feed Unavailable / Low Liquidity)
SMPP_B.CA,النشا والخميرة المصرية,الأغذية والمشروبات والتبغ,,NONE (Fictitious Suffix),,0,DATA_UNAVAILABLE,رمز مشتق غير مدرج في البورصة كأصل منفصل (Derivative / Fictitious Suffix)
CERA_B.CA,الجوهرة للسيراميك (أسهم ممتازة),مواد البناء والتشييد,,NONE (Fictitious Suffix),,0,DATA_UNAVAILABLE,رمز مشتق غير مدرج في البورصة كأصل منفصل (Derivative / Fictitious Suffix)
PRCL.CA,الخزف والصيني المصرية المتقدمة,مواد البناء والتشييد,,NONE (Unavailable Feed),,0,DATA_UNAVAILABLE,لا يتوفر مصدر بيانات حقيقي حي لهذا السهم حالياً (Data Feed Unavailable / Low Liquidity)
MOSC.CA,مصر لصناعة الأجهزة والمبردات,السلع المعمرة والإلكترونيات,,NONE (Unavailable Feed),,0,DATA_UNAVAILABLE,لا يتوفر مصدر بيانات حقيقي حي لهذا السهم حالياً (Data Feed Unavailable / Low Liquidity)
EGEL.CA,المصرية للصناعات الكهربائية المتقدمة,السلع المعمرة والإلكترونيات,,NONE (Unavailable Feed),,0,DATA_UNAVAILABLE,لا يتوفر مصدر بيانات حقيقي حي لهذا السهم حالياً (Data Feed Unavailable / Low Liquidity)
MTRC.CA,مطاحن ومخابز شمال القاهرة,الأغذية والمشروبات والتبغ,,NONE (Unavailable Feed),,0,DATA_UNAVAILABLE,لا يتوفر مصدر بيانات حقيقي حي لهذا السهم حالياً (Data Feed Unavailable / Low Liquidity)
MCEG.CA,مطاحن ومخابز جنوب القاهرة والجيزة,الأغذية والمشروبات والتبغ,,NONE (Unavailable Feed),,0,DATA_UNAVAILABLE,لا يتوفر مصدر بيانات حقيقي حي لهذا السهم حالياً (Data Feed Unavailable / Low Liquidity)
MEFM.CA,مطاحن مصر الوسطى,الأغذية والمشروبات والتبغ,,NONE (Unavailable Feed),,0,DATA_UNAVAILABLE,لا يتوفر مصدر بيانات حقيقي حي لهذا السهم حالياً (Data Feed Unavailable / Low Liquidity)
WCDF.CA,مطاحن ومخابز الإسكندرية,الأغذية والمشروبات والتبغ,,NONE (Unavailable Feed),,0,DATA_UNAVAILABLE,لا يتوفر مصدر بيانات حقيقي حي لهذا السهم حالياً (Data Feed Unavailable / Low Liquidity)
UEDA.CA,مطاحن مصر العليا,الأغذية والمشروبات والتبغ,,NONE (Unavailable Feed),,0,DATA_UNAVAILABLE,لا يتوفر مصدر بيانات حقيقي حي لهذا السهم حالياً (Data Feed Unavailable / Low Liquidity)
EDFM.CA,مطاحن شرق الدلتا,الأغذية والمشروبات والتبغ,,NONE (Unavailable Feed),,0,DATA_UNAVAILABLE,لا يتوفر مصدر بيانات حقيقي حي لهذا السهم حالياً (Data Feed Unavailable / Low Liquidity)
WDEH.CA,مطاحن وسط وغرب الدلتا,الأغذية والمشروبات والتبغ,,NONE (Unavailable Feed),,0,DATA_UNAVAILABLE,لا يتوفر مصدر بيانات حقيقي حي لهذا السهم حالياً (Data Feed Unavailable / Low Liquidity)
SNFC.CA,الشرقية الوطنية للأمن الغذائي,الأغذية والمشروبات والتبغ,,NONE (Unavailable Feed),,0,DATA_UNAVAILABLE,لا يتوفر مصدر بيانات حقيقي حي لهذا السهم حالياً (Data Feed Unavailable / Low Liquidity)
ISMA.CA,الإسماعيلية مصر للدواجن,الأغذية والمشروبات والتبغ,,NONE (Unavailable Feed),,0,DATA_UNAVAILABLE,لا يتوفر مصدر بيانات حقيقي حي لهذا السهم حالياً (Data Feed Unavailable / Low Liquidity)
ISMD.CA,الإسماعيلية الوطنية للصناعات الغذائية (فوديكو),الأغذية والمشروبات والتبغ,,NONE (Unavailable Feed),,0,DATA_UNAVAILABLE,لا يتوفر مصدر بيانات حقيقي حي لهذا السهم حالياً (Data Feed Unavailable / Low Liquidity)
IDRE.CA,التنمية العمرانية الدولية,التطوير العقاري,,NONE (Unavailable Feed),,0,DATA_UNAVAILABLE,لا يتوفر مصدر بيانات حقيقي حي لهذا السهم حالياً (Data Feed Unavailable / Low Liquidity)
GMCG.CA,جي إم سي للاستثمارات الصناعية والتجارية,السلع المعمرة والإلكترونيات,,NONE (Unavailable Feed),,0,DATA_UNAVAILABLE,لا يتوفر مصدر بيانات حقيقي حي لهذا السهم حالياً (Data Feed Unavailable / Low Liquidity)
ACAP_P.CA,أي كابيتال (أسهم ممتازة),الخدمات المالية والبنوك,,NONE (Fictitious Suffix),,0,DATA_UNAVAILABLE,رمز مشتق غير مدرج في البورصة كأصل منفصل (Derivative / Fictitious Suffix)
ATLE.CA,أطلس للاستثمار والصناعات الغذائية,الأغذية والمشروبات والتبغ,,NONE (Unavailable Feed),,0,DATA_UNAVAILABLE,لا يتوفر مصدر بيانات حقيقي حي لهذا السهم حالياً (Data Feed Unavailable / Low Liquidity)
EPPK.CA,المصرية للتعبئة والكرتون (إيجيباك),الطباعة والتغليف,,NONE (Unavailable Feed),,0,DATA_UNAVAILABLE,لا يتوفر مصدر بيانات حقيقي حي لهذا السهم حالياً (Data Feed Unavailable / Low Liquidity)
RREC.CA,رواد التعمير العقاري,التطوير العقاري,,NONE (Unavailable Feed),,0,DATA_UNAVAILABLE,لا يتوفر مصدر بيانات حقيقي حي لهذا السهم حالياً (Data Feed Unavailable / Low Liquidity)
MASR_P.CA,مدينة مصر (حقوق اكتتاب),التطوير العقاري,,NONE (Fictitious Suffix),,0,DATA_UNAVAILABLE,رمز مشتق غير مدرج في البورصة كأصل منفصل (Derivative / Fictitious Suffix)
SWDY_P.CA,السويدي (سندات توريق),الصناعة والمقاولات,,NONE (Fictitious Suffix),,0,DATA_UNAVAILABLE,رمز مشتق غير مدرج في البورصة كأصل منفصل (Derivative / Fictitious Suffix)
COMI_B.CA,التجاري الدولي (شهادات إيداع دولية),الخدمات المالية والبنوك,,NONE (Fictitious Suffix),,0,DATA_UNAVAILABLE,رمز مشتق غير مدرج في البورصة كأصل منفصل (Derivative / Fictitious Suffix)
HRHO_B.CA,إي إف جي القابضة (شهادات إيداع),الخدمات المالية والبنوك,,NONE (Fictitious Suffix),,0,DATA_UNAVAILABLE,رمز مشتق غير مدرج في البورصة كأصل منفصل (Derivative / Fictitious Suffix)
EDITA_B.CA,إيديتا (شهادات إيداع دولية),الأغذية والمشروبات والتبغ,,NONE (Fictitious Suffix),,0,DATA_UNAVAILABLE,رمز مشتق غير مدرج في البورصة كأصل منفصل (Derivative / Fictitious Suffix)
FWRY_P.CA,فوري (حقوق اكتتاب مقيدة),تكنولوجيا المدفوعات,,NONE (Fictitious Suffix),,0,DATA_UNAVAILABLE,رمز مشتق غير مدرج في البورصة كأصل منفصل (Derivative / Fictitious Suffix)
BTFH_P.CA,بلتون القابضة (حقوق اكتتاب),الخدمات المالية والبنوك,,NONE (Fictitious Suffix),,0,DATA_UNAVAILABLE,رمز مشتق غير مدرج في البورصة كأصل منفصل (Derivative / Fictitious Suffix)
TMGH_P.CA,طلعت مصطفى (حقوق مقيدة),التطوير العقاري,,NONE (Fictitious Suffix),,0,DATA_UNAVAILABLE,رمز مشتق غير مدرج في البورصة كأصل منفصل (Derivative / Fictitious Suffix)
PHDC_P.CA,بالم هيلز (حقوق اكتتاب),التطوير العقاري,,NONE (Fictitious Suffix),,0,DATA_UNAVAILABLE,رمز مشتق غير مدرج في البورصة كأصل منفصل (Derivative / Fictitious Suffix)
ORAS_B.CA,أوراسكوم للإنشاء (ناسداك دبي مقاصة),الصناعة والمقاولات,,NONE (Fictitious Suffix),,0,DATA_UNAVAILABLE,رمز مشتق غير مدرج في البورصة كأصل منفصل (Derivative / Fictitious Suffix)
ELEC_P.CA,الكابلات الكهربائية (حقوق اكتتاب),الصناعة والمقاولات,,NONE (Fictitious Suffix),,0,DATA_UNAVAILABLE,رمز مشتق غير مدرج في البورصة كأصل منفصل (Derivative / Fictitious Suffix)
CCAP_P.CA,القلعة للاستشارات (أسهم ممتازة),الخدمات المالية والبنوك,,NONE (Fictitious Suffix),,0,DATA_UNAVAILABLE,رمز مشتق غير مدرج في البورصة كأصل منفصل (Derivative / Fictitious Suffix)
OIH_P.CA,أوراسكوم للاستثمار (حقوق),الخدمات المالية والبنوك,,NONE (Fictitious Suffix),,0,DATA_UNAVAILABLE,رمز مشتق غير مدرج في البورصة كأصل منفصل (Derivative / Fictitious Suffix)
ALCN_P.CA,الإسكندرية للحاويات (حقوق زيادة),خدمات النقل والشحن واللوجستيات,,NONE (Fictitious Suffix),,0,DATA_UNAVAILABLE,رمز مشتق غير مدرج في البورصة كأصل منفصل (Derivative / Fictitious Suffix)
POUL_P.CA,القاهرة للدواجن (حقوق اكتتاب),الأغذية والمشروبات والتبغ,,NONE (Fictitious Suffix),,0,DATA_UNAVAILABLE,رمز مشتق غير مدرج في البورصة كأصل منفصل (Derivative / Fictitious Suffix)
ISPH_P.CA,ابن سينا فارما (حقوق اكتتاب),الرعاية الصحية والأدوية,,NONE (Fictitious Suffix),,0,DATA_UNAVAILABLE,رمز مشتق غير مدرج في البورصة كأصل منفصل (Derivative / Fictitious Suffix)
JUFO_P.CA,جهينة للصناعات الغذائية (حقوق),الأغذية والمشروبات والتبغ,,NONE (Fictitious Suffix),,0,DATA_UNAVAILABLE,رمز مشتق غير مدرج في البورصة كأصل منفصل (Derivative / Fictitious Suffix)
DOMT_P.CA,دومتي (حقوق زيادة رأس مال),الأغذية والمشروبات والتبغ,,NONE (Fictitious Suffix),,0,DATA_UNAVAILABLE,رمز مشتق غير مدرج في البورصة كأصل منفصل (Derivative / Fictitious Suffix)
CICH_P.CA,سي آي كابيتال (حقوق مقيدة),الخدمات المالية والبنوك,,NONE (Fictitious Suffix),,0,DATA_UNAVAILABLE,رمز مشتق غير مدرج في البورصة كأصل منفصل (Derivative / Fictitious Suffix)
RAYA_P.CA,راية القابضة (حقوق اكتتاب),الاتصالات وتكنولوجيا المعلومات,,NONE (Fictitious Suffix),,0,DATA_UNAVAILABLE,رمز مشتق غير مدرج في البورصة كأصل منفصل (Derivative / Fictitious Suffix)
GBCO_P.CA,جي بي كورب (حقوق مقيدة),السيارات والسلع المعمرة,,NONE (Fictitious Suffix),,0,DATA_UNAVAILABLE,رمز مشتق غير مدرج في البورصة كأصل منفصل (Derivative / Fictitious Suffix)
CLHO_P.CA,مستشفى كليوباترا (حقوق مقيدة),الرعاية الصحية والأدوية,,NONE (Fictitious Suffix),,0,DATA_UNAVAILABLE,رمز مشتق غير مدرج في البورصة كأصل منفصل (Derivative / Fictitious Suffix)
ORHD_P.CA,أوراسكوم للتنمية (حقوق),التطوير العقاري,,NONE (Fictitious Suffix),,0,DATA_UNAVAILABLE,رمز مشتق غير مدرج في البورصة كأصل منفصل (Derivative / Fictitious Suffix)
AMOC_P.CA,أموك (حقوق زيادة رأس مال),الطاقة والخدمات البترولية,,NONE (Fictitious Suffix),,0,DATA_UNAVAILABLE,رمز مشتق غير مدرج في البورصة كأصل منفصل (Derivative / Fictitious Suffix)
MOIL_P.CA,ماريديف (حقوق اكتتاب),الطاقة والخدمات البترولية,,NONE (Fictitious Suffix),,0,DATA_UNAVAILABLE,رمز مشتق غير مدرج في البورصة كأصل منفصل (Derivative / Fictitious Suffix)
DSCW_P.CA,دايس للملابس (حقوق مقيدة),المنسوجات والسلع الاستهلاكية,,NONE (Fictitious Suffix),,0,DATA_UNAVAILABLE,رمز مشتق غير مدرج في البورصة كأصل منفصل (Derivative / Fictitious Suffix)
ACRO_P.CA,مصر للأسمنت قنا (حقوق),مواد البناء والتشييد,,NONE (Fictitious Suffix),,0,DATA_UNAVAILABLE,رمز مشتق غير مدرج في البورصة كأصل منفصل (Derivative / Fictitious Suffix)
HELI_P.CA,مصر الجديدة للإسكان (حقوق),التطوير العقاري,,NONE (Fictitious Suffix),,0,DATA_UNAVAILABLE,رمز مشتق غير مدرج في البورصة كأصل منفصل (Derivative / Fictitious Suffix)
ELSH_P.CA,الشروق للطباعة (حقوق مقيدة),الطباعة والتغليف,,NONE (Fictitious Suffix),,0,DATA_UNAVAILABLE,رمز مشتق غير مدرج في البورصة كأصل منفصل (Derivative / Fictitious Suffix)
CERA_P.CA,الجوهرة سيراميك (حقوق),مواد البناء والتشييد,,NONE (Fictitious Suffix),,0,DATA_UNAVAILABLE,رمز مشتق غير مدرج في البورصة كأصل منفصل (Derivative / Fictitious Suffix)
SPMD_P.CA,سبيد ميديكال (حقوق مقيدة),الرعاية الصحية والأدوية,,NONE (Fictitious Suffix),,0,DATA_UNAVAILABLE,رمز مشتق غير مدرج في البورصة كأصل منفصل (Derivative / Fictitious Suffix)
KZPC_P.CA,كفر الزيات للمبيدات (حقوق),الموارد الأساسية والكيماويات,,NONE (Fictitious Suffix),,0,DATA_UNAVAILABLE,رمز مشتق غير مدرج في البورصة كأصل منفصل (Derivative / Fictitious Suffix)
PRDC_P.CA,رواد السياحة (حقوق اكتتاب),السياحة والترفيه,,NONE (Fictitious Suffix),,0,DATA_UNAVAILABLE,رمز مشتق غير مدرج في البورصة كأصل منفصل (Derivative / Fictitious Suffix)
EGCH_P.CA,كيما للأسمدة (حقوق اكتتاب),الموارد الأساسية والكيماويات,,NONE (Fictitious Suffix),,0,DATA_UNAVAILABLE,رمز مشتق غير مدرج في البورصة كأصل منفصل (Derivative / Fictitious Suffix)
ARAB_P.CA,المطورون العرب (حقوق),التطوير العقاري,,NONE (Fictitious Suffix),,0,DATA_UNAVAILABLE,رمز مشتق غير مدرج في البورصة كأصل منفصل (Derivative / Fictitious Suffix)
UNIP_P.CA,يونيفرسال للتعبئة (حقوق),الطباعة والتغليف,,NONE (Fictitious Suffix),,0,DATA_UNAVAILABLE,رمز مشتق غير مدرج في البورصة كأصل منفصل (Derivative / Fictitious Suffix)
ZMID_P.CA,زهراء المعادي (حقوق مقيدة),التطوير العقاري,,NONE (Fictitious Suffix),,0,DATA_UNAVAILABLE,رمز مشتق غير مدرج في البورصة كأصل منفصل (Derivative / Fictitious Suffix)
RTVC_P.CA,رمكو للقرى السياحية (حقوق),السياحة والترفيه,,NONE (Fictitious Suffix),,0,DATA_UNAVAILABLE,رمز مشتق غير مدرج في البورصة كأصل منفصل (Derivative / Fictitious Suffix)
ETEL_P.CA,المصرية للاتصالات (حقوق مقيدة),الاتصالات وتكنولوجيا المعلومات,,NONE (Fictitious Suffix),,0,DATA_UNAVAILABLE,رمز مشتق غير مدرج في البورصة كأصل منفصل (Derivative / Fictitious Suffix)
ABUK_P.CA,أبو قير للأسمدة (حقوق),الموارد الأساسية والكيماويات,,NONE (Fictitious Suffix),,0,DATA_UNAVAILABLE,رمز مشتق غير مدرج في البورصة كأصل منفصل (Derivative / Fictitious Suffix)
MFPC_P.CA,موبكو للأسمدة (حقوق),الموارد الأساسية والكيماويات,,NONE (Fictitious Suffix),,0,DATA_UNAVAILABLE,رمز مشتق غير مدرج في البورصة كأصل منفصل (Derivative / Fictitious Suffix)
SKPC_P.CA,سيدبك للبتروكيماويات (حقوق),الموارد الأساسية والكيماويات,,NONE (Fictitious Suffix),,0,DATA_UNAVAILABLE,رمز مشتق غير مدرج في البورصة كأصل منفصل (Derivative / Fictitious Suffix)
ADIB_P.CA,أبوظبي الإسلامي مصر (حقوق),الخدمات المالية والبنوك,,NONE (Fictitious Suffix),,0,DATA_UNAVAILABLE,رمز مشتق غير مدرج في البورصة كأصل منفصل (Derivative / Fictitious Suffix)
EGAL_P.CA,مصر للألومنيوم (حقوق زيادة),الموارد الأساسية والكيماويات,,NONE (Fictitious Suffix),,0,DATA_UNAVAILABLE,رمز مشتق غير مدرج في البورصة كأصل منفصل (Derivative / Fictitious Suffix)
ESRS_P.CA,حديد عز (حقوق مقيدة),الموارد الأساسية والكيماويات,,NONE (Fictitious Suffix),,0,DATA_UNAVAILABLE,رمز مشتق غير مدرج في البورصة كأصل منفصل (Derivative / Fictitious Suffix)
EMFD_P.CA,إعمار مصر (حقوق مقيدة),التطوير العقاري,,NONE (Fictitious Suffix),,0,DATA_UNAVAILABLE,رمز مشتق غير مدرج في البورصة كأصل منفصل (Derivative / Fictitious Suffix)
TAQA_P.CA,طاقة عربية (حقوق زيادة),الطاقة والخدمات البترولية,,NONE (Fictitious Suffix),,0,DATA_UNAVAILABLE,رمز مشتق غير مدرج في البورصة كأصل منفصل (Derivative / Fictitious Suffix)
VALU_P.CA,فاليو للتمويل (حقوق مقيدة),الخدمات المالية والبنوك,,NONE (Fictitious Suffix),,0,DATA_UNAVAILABLE,رمز مشتق غير مدرج في البورصة كأصل منفصل (Derivative / Fictitious Suffix)
EFIH_P.CA,إي فاينانس (حقوق زيادة),تكنولوجيا المدفوعات,,NONE (Fictitious Suffix),,0,DATA_UNAVAILABLE,رمز مشتق غير مدرج في البورصة كأصل منفصل (Derivative / Fictitious Suffix)
OIBK.CA,البنك الأهلي الكويتي - مصر,الخدمات المالية والبنوك,,NONE (Unavailable Feed),,0,DATA_UNAVAILABLE,لا يتوفر مصدر بيانات حقيقي حي لهذا السهم حالياً (Data Feed Unavailable / Low Liquidity)
SAUD.CA,بنك البركة مصر,الخدمات المالية والبنوك,,NONE (Unavailable Feed),,0,DATA_UNAVAILABLE,لا يتوفر مصدر بيانات حقيقي حي لهذا السهم حالياً (Data Feed Unavailable / Low Liquidity)
ARVA.CA,العربية للمحابس,الصناعة والمقاولات,,NONE (Unavailable Feed),,0,DATA_UNAVAILABLE,لا يتوفر مصدر بيانات حقيقي حي لهذا السهم حالياً (Data Feed Unavailable / Low Liquidity)
ELNA.CA,النصر للملابس والمنسوجات (كابو),المنسوجات والسلع المعمرة,,NONE (Unavailable Feed),,0,DATA_UNAVAILABLE,لا يتوفر مصدر بيانات حقيقي حي لهذا السهم حالياً (Data Feed Unavailable / Low Liquidity)
ASCM.CA,أسيك للتعدين (أسكوم),الموارد الأساسية والكيماويات,,NONE (Unavailable Feed),,0,DATA_UNAVAILABLE,لا يتوفر مصدر بيانات حقيقي حي لهذا السهم حالياً (Data Feed Unavailable / Low Liquidity)
EUBR.CA,يوروبروكر لتداول الأوراق المالية,الخدمات المالية غير المصرفية,,NONE (Unavailable Feed),,0,DATA_UNAVAILABLE,لا يتوفر مصدر بيانات حقيقي حي لهذا السهم حالياً (Data Feed Unavailable / Low Liquidity)
GTHC.CA,جلوبال للتجارة والاستثمار,التجارة والموزعون,,NONE (Unavailable Feed),,0,DATA_UNAVAILABLE,لا يتوفر مصدر بيانات حقيقي حي لهذا السهم حالياً (Data Feed Unavailable / Low Liquidity)
MBEN.CA,إم بي للهندسة,الصناعة والمقاولات,,NONE (Unavailable Feed),,0,DATA_UNAVAILABLE,لا يتوفر مصدر بيانات حقيقي حي لهذا السهم حالياً (Data Feed Unavailable / Low Liquidity)
MASG.CA,مرسى مرسى علم للتنمية السياحية,السياحة والترفيه,,NONE (Unavailable Feed),,0,DATA_UNAVAILABLE,لا يتوفر مصدر بيانات حقيقي حي لهذا السهم حالياً (Data Feed Unavailable / Low Liquidity)
FAHR.CA,فنادق العروبة مصر,السياحة والترفيه,,NONE (Unavailable Feed),,0,DATA_UNAVAILABLE,لا يتوفر مصدر بيانات حقيقي حي لهذا السهم حالياً (Data Feed Unavailable / Low Liquidity)
CIRA.CA,القاهرة للاستثمار والتنمية العقارية (سيرا),خدمات تعليمية,,NONE (Unavailable Feed),,0,DATA_UNAVAILABLE,لا يتوفر مصدر بيانات حقيقي حي لهذا السهم حالياً (Data Feed Unavailable / Low Liquidity)
RUBX.CA,روبكس العالمية لتصنيع البلاستيك والريبكس,مواد وبلاستيك,,NONE (Unavailable Feed),,0,DATA_UNAVAILABLE,لا يتوفر مصدر بيانات حقيقي حي لهذا السهم حالياً (Data Feed Unavailable / Low Liquidity)
ANFI.CA,الإسكندرية للخدمات الطبية (المركز الطبي الجديد),الرعاية الصحية والأدوية,,NONE (Unavailable Feed),,0,DATA_UNAVAILABLE,لا يتوفر مصدر بيانات حقيقي حي لهذا السهم حالياً (Data Feed Unavailable / Low Liquidity)
GPHI.CA,جراند فيستمنت القابضة للاستثمارات المالية,الخدمات المالية غير المصرفية,,NONE (Unavailable Feed),,0,DATA_UNAVAILABLE,لا يتوفر مصدر بيانات حقيقي حي لهذا السهم حالياً (Data Feed Unavailable / Low Liquidity)
BOCM.CA,البركة للتجارة والتوريدات,التجارة والموزعون,,NONE (Unavailable Feed),,0,DATA_UNAVAILABLE,لا يتوفر مصدر بيانات حقيقي حي لهذا السهم حالياً (Data Feed Unavailable / Low Liquidity)
NATP.CA,الوطنية للصناعات الدوائية,الرعاية الصحية والأدوية,,NONE (Unavailable Feed),,0,DATA_UNAVAILABLE,لا يتوفر مصدر بيانات حقيقي حي لهذا السهم حالياً (Data Feed Unavailable / Low Liquidity)
MOFR.CA,مصر لصناعة الكيماويات والزيوت,الموارد الأساسية والكيماويات,,NONE (Unavailable Feed),,0,DATA_UNAVAILABLE,لا يتوفر مصدر بيانات حقيقي حي لهذا السهم حالياً (Data Feed Unavailable / Low Liquidity)
KRTE.CA,كاتو للاستثمار والتطوير العقاري,التطوير العقاري,,NONE (Unavailable Feed),,0,DATA_UNAVAILABLE,لا يتوفر مصدر بيانات حقيقي حي لهذا السهم حالياً (Data Feed Unavailable / Low Liquidity)
TALM.CA,تعليم لخدمات الإدارة,خدمات تعليمية,,NONE (Unavailable Feed),,0,DATA_UNAVAILABLE,لا يتوفر مصدر بيانات حقيقي حي لهذا السهم حالياً (Data Feed Unavailable / Low Liquidity)
UNFO.CA,يونيفرسال للتجارة والمقاولات,الصناعة والمقاولات,,NONE (Unavailable Feed),,0,DATA_UNAVAILABLE,لا يتوفر مصدر بيانات حقيقي حي لهذا السهم حالياً (Data Feed Unavailable / Low Liquidity)
